,id,visit1_date,visit2_date,child_dob,child_age_months_v1,treatment,team,efficacy_1,efficacy_2,efficacy_3,efficacy_4,efficacy_5,efficacy_avg,mindset_1,mindset_2,mindset_3,mindset_4,mindset_5,mindset_6,mindset_7,mindset_8,mindset_mean,speak_1,speak_2,speak_3,speak_4,speak_5,speak_6,speak_7,speak_8,speak_9,speak_10,speak_11,speak_12,speak_13,speak_14,speak_15,speak_16,speak_17,speak_18,speak_19,speak_20,speak_21,speak_22,speak,parent_dob,parent_female,parent_ethnicity,parent_education,parent_edu_years,home_language,parent_household_income,parent_household_income_2,parent_income,relationship_to_child,child_dob_survey,child_female,child_ethnicity,internet,tablet,ipod,device_use,read_min,asks_read,library,teach_print,teach_read,books,age_start_read,efficacy_1_v2,efficacy_2_v2,efficacy_3_v2,efficacy_4_v2,efficacy_5_v2,efficacy_v2_avg,mindset_1_v2,mindset_2_v2,mindset_3_v2,mindset_4_v2,mindset_5_v2,mindset_6_v2,mindset_7_v2,mindset_8_v2,mindset_mean2,speak_1_v2,speak_2_v2,speak_3_v2,speak_4_v2,speak_5_v2,speak_6_v2,speak_7_v2,speak_8_v2,speak_9_v2,speak_10_v2,speak_11_v2,speak_12_v2,speak_13_v2,speak_14_v2,speak_15_v2,speak_16_v2,speak_17_v2,speak_18_v2,speak_19_v2,speak_20_v2,speak_21_v2,speak_22_v2,speak_v2,all_languages_home,childcare,alphabet_total,rhyme_total,quils_vocab_raw,quils_syntax_raw,quils_process_raw,quils_overall_raw,quils_vocab_perc,quils_vocab_standard,quils_syntax_perc,quils_syntax_standard,quils_process_perc,quils_process_standard,quils_overall_perc,quils_overall_standard,tot_resources,tot_sessions,total_utts_chi_v1_pizza,mlu_utts_chi_v1_pizza,mlu_words_chi_v1_pizza,mlu_morphemes_chi_v1_pizza,freq_types_chi_v1_pizza,freq_tokens_chi_v1_pizza,freq_ttr_chi_v1_pizza,vocd_chi_v1_pizza,verbs_utt_chi_v1_pizza,total_utts_par_v1_pizza,mlu_utts_par_v1_pizza,mlu_words_par_v1_pizza,mlu_morphemes_par_v1_pizza,freq_types_par_v1_pizza,freq_tokens_par_v1_pizza,freq_ttr_par_v1_pizza,vocd_par_v1_pizza,verbs_utt_par_v1_pizza,questions_chi_v1_pizza,questions_par_v1_pizza,total_utts_chi_v2_pizza,mlu_utts_chi_v2_pizza,mlu_words_chi_v2_pizza,mlu_morphemes_chi_v2_pizza,freq_types_chi_v2_pizza,freq_tokens_chi_v2_pizza,freq_ttr_chi_v2_pizza,vocd_chi_v2_pizza,verbs_utt_chi_v2_pizza,total_utts_par_v2_pizza,mlu_utts_par_v2_pizza,mlu_words_par_v2_pizza,mlu_morphemes_par_v2_pizza,freq_types_par_v2_pizza,freq_tokens_par_v2_pizza,freq_ttr_par_v2_pizza,vocd_par_v2_pizza,verbs_utt_par_v2_pizza,questions_chi_v2_pizza,questions_par_v2_pizza,total_utts_chi_v2_prompts,mlu_utts_chi_v2_prompts,mlu_words_chi_v2_prompts,mlu_morphemes_chi_v2_prompts,freq_types_chi_v2_prompts,freq_tokens_chi_v2_prompts,freq_ttr_chi_v2_prompts,vocd_chi_v2_prompts,verbs_utt_chi_v2_prompts,total_utts_par_v2_prompts,mlu_utts_par_v2_prompts,mlu_words_par_v2_prompts,mlu_morphemes_par_v2_prompts,freq_types_par_v2_prompts,freq_tokens_par_v2_prompts,freq_ttr_par_v2_prompts,vocd_par_v2_prompts,verbs_utt_par_v2_prompts,questions_chi_v2_prompts,questions_par_v2_prompts,p1prt_inf_fac_ask,p1prt_inf_fac_give,p1prt_inf_str_ask,p1prt_inf_str_give,p1prt_com_fac_ask,p1prt_com_fac_give,p1prt_com_str_ask,p1prt_com_str_give,p1prt_abs_fac_ask,p1prt_abs_fac_give,p1prt_abs_str_ask,p1prt_abs_str_give,p1prt_hie_fac_ask,p1prt_hie_fac_give,p1prt_hie_str_ask,p1prt_hie_str_give,p1prt_rou_fac_ask,p1prt_rou_fac_give,p1prt_rou_str_ask,p1prt_rou_str_give,p1prt_double,p1prt_off,p1prt_triple,p1prt_quadruple,p1prt_totalutt_including0,p1prt_empty,p1prt_xxx,p1prt_yyy,p1prt_totalutt,p1chi_inf_fac_ask,p1chi_inf_fac_give,p1chi_inf_str_ask,p1chi_inf_str_give,p1chi_com_fac_ask,p1chi_com_fac_give,p1chi_com_str_ask,p1chi_com_str_give,p1chi_abs_fac_ask,p1chi_abs_fac_give,p1chi_abs_str_ask,p1chi_abs_str_give,p1chi_hie_fac_ask,p1chi_hie_fac_give,p1chi_hie_str_ask,p1chi_hie_str_give,p1chi_rou_fac_ask,p1chi_rou_fac_give,p1chi_rou_str_ask,p1chi_rou_str_give,p1chi_double,p1chi_off,p1chi_triple,p1chi_quadruple,p1chi_totalutt_including0,p1chi_empty,p1chi_xxx,p1chi_yyy,p1chi_totalutt,p2prt_inf_fac_ask,p2prt_inf_fac_give,p2prt_inf_str_ask,p2prt_inf_str_give,p2prt_com_fac_ask,p2prt_com_fac_give,p2prt_com_str_ask,p2prt_com_str_give,p2prt_abs_fac_ask,p2prt_abs_fac_give,p2prt_abs_str_ask,p2prt_abs_str_give,p2prt_hie_fac_ask,p2prt_hie_fac_give,p2prt_hie_str_ask,p2prt_hie_str_give,p2prt_rou_fac_ask,p2prt_rou_fac_give,p2prt_rou_str_ask,p2prt_rou_str_give,p2prt_double,p2prt_off,p2prt_triple,p2prt_quadruple,p2prt_totalutt_including0,p2prt_empty,p2prt_xxx,p2prt_yyy,p2prt_totalutt,p2chi_inf_fac_ask,p2chi_inf_fac_give,p2chi_inf_str_ask,p2chi_inf_str_give,p2chi_com_fac_ask,p2chi_com_fac_give,p2chi_com_str_ask,p2chi_com_str_give,p2chi_abs_fac_ask,p2chi_abs_fac_give,p2chi_abs_str_ask,p2chi_abs_str_give,p2chi_hie_fac_ask,p2chi_hie_fac_give,p2chi_hie_str_ask,p2chi_hie_str_give,p2chi_rou_fac_ask,p2chi_rou_fac_give,p2chi_rou_str_ask,p2chi_rou_str_give,p2chi_double,p2chi_off,p2chi_triple,p2chi_quadruple,p2chi_totalutt_including0,p2chi_empty,p2chi_xxx,p2chi_yyy,p2chi_totalutt,narprt_inf_fac_ask,narprt_inf_fac_give,narprt_inf_str_ask,narprt_inf_str_give,narprt_com_fac_ask,narprt_com_fac_give,narprt_com_str_ask,narprt_com_str_give,narprt_abs_fac_ask,narprt_abs_fac_give,narprt_abs_str_ask,narprt_abs_str_give,narprt_hie_fac_ask,narprt_hie_fac_give,narprt_hie_str_ask,narprt_hie_str_give,narprt_rou_fac_ask,narprt_rou_fac_give,narprt_rou_str_ask,narprt_rou_str_give,narprt_double,narprt_off,narprt_triple,narprt_quadruple,narprt_totalutt_including0,narprt_empty,narprt_xxx,narprt_yyy,narprt_totalutt,narchi_inf_fac_ask,narchi_inf_fac_give,narchi_inf_str_ask,narchi_inf_str_give,narchi_com_fac_ask,narchi_com_fac_give,narchi_com_str_ask,narchi_com_str_give,narchi_abs_fac_ask,narchi_abs_fac_give,narchi_abs_str_ask,narchi_abs_str_give,narchi_hie_fac_ask,narchi_hie_fac_give,narchi_hie_str_ask,narchi_hie_str_give,narchi_rou_fac_ask,narchi_rou_fac_give,narchi_rou_str_ask,narchi_rou_str_give,narchi_double,narchi_off,narchi_triple,narchi_quadruple,narchi_totalutt_including0,narchi_empty,narchi_xxx,narchi_yyy,narchi_totalutt,p1prt_hottcodes_4c,p1prt_fac_4c,p1prt_str_4c,p1prt_ask_4c,p1prt_give_4c,p1prt_inf,p1prt_hie,p1prt_abs,p1prt_com,p1chi_hottcodes_4c,p1chi_fac_4c,p1chi_str_4c,p1chi_ask_4c,p1chi_give_4c,p1chi_inf,p1chi_hie,p1chi_abs,p1chi_com,p2prt_hottcodes_4c,p2prt_fac_4c,p2prt_str_4c,p2prt_ask_4c,p2prt_give_4c,p2prt_inf,p2prt_hie,p2prt_abs,p2prt_com,p2chi_hottcodes_4c,p2chi_fac_4c,p2chi_str_4c,p2chi_ask_4c,p2chi_give_4c,p2chi_inf,p2chi_hie,p2chi_abs,p2chi_com,narprt_hottcodes_4c,narprt_fac_4c,narprt_str_4c,narprt_ask_4c,narprt_give_4c,narprt_inf,narprt_hie,narprt_abs,narprt_com,narchi_hottcodes_4c,narchi_fac_4c,narchi_str_4c,narchi_ask_4c,narchi_give_4c,narchi_inf,narchi_hie,narchi_abs,narchi_com,totalprt_totalutt,totalprt_inf_fac_give,totalprt_inf_fac_ask,totalprt_inf_str_give,totalprt_inf_str_ask,totalprt_hie_fac_give,totalprt_hie_fac_ask,totalprt_hie_str_give,totalprt_hie_str_ask,totalprt_abs_fac_give,totalprt_abs_fac_ask,totalprt_abs_str_give,totalprt_abs_str_ask,totalprt_com_fac_give,totalprt_com_fac_ask,totalprt_com_str_give,totalprt_com_str_ask,totalchi_totalutt,totalchi_inf_fac_give,totalchi_inf_fac_ask,totalchi_inf_str_give,totalchi_inf_str_ask,totalchi_hie_fac_give,totalchi_hie_fac_ask,totalchi_hie_str_give,totalchi_hie_str_ask,totalchi_abs_fac_give,totalchi_abs_fac_ask,totalchi_abs_str_give,totalchi_abs_str_ask,totalchi_com_fac_give,totalchi_com_fac_ask,totalchi_com_str_give,totalchi_com_str_ask,totalprt_hottcodes_4c,totalprt_fac_4c,totalprt_str_4c,totalprt_ask_4c,totalprt_give_4c,totalprt_inf,totalprt_hie,totalprt_abs,totalprt_com,totalchi_hottcodes_4c,totalchi_fac_4c,totalchi_str_4c,totalchi_ask_4c,totalchi_give_4c,totalchi_inf,totalchi_hie,totalchi_abs,totalchi_com,p1prt_hottcodes_4c_pct,p1prt_str_4c_pct,p1prt_fac_4c_pct,p1prt_ask_4c_pct,p1prt_give_4c_pct,p1prt_inf_pct,p1prt_com_pct,p1prt_abs_pct,p1prt_hie_pct,p1chi_hottcodes_4c_pct,p1chi_str_4c_pct,p1chi_fac_4c_pct,p1chi_ask_4c_pct,p1chi_give_4c_pct,p1chi_inf_pct,p1chi_com_pct,p1chi_abs_pct,p1chi_hie_pct,p2prt_hottcodes_4c_pct,p2prt_str_4c_pct,p2prt_fac_4c_pct,p2prt_ask_4c_pct,p2prt_give_4c_pct,p2prt_inf_pct,p2prt_com_pct,p2prt_abs_pct,p2prt_hie_pct,p2chi_hottcodes_4c_pct,p2chi_str_4c_pct,p2chi_fac_4c_pct,p2chi_ask_4c_pct,p2chi_give_4c_pct,p2chi_inf_pct,p2chi_com_pct,p2chi_abs_pct,p2chi_hie_pct,narprt_hottcodes_4c_pct,narprt_str_4c_pct,narprt_fac_4c_pct,narprt_ask_4c_pct,narprt_give_4c_pct,narprt_inf_pct,narprt_com_pct,narprt_abs_pct,narprt_hie_pct,narchi_hottcodes_4c_pct,narchi_str_4c_pct,narchi_fac_4c_pct,narchi_ask_4c_pct,narchi_give_4c_pct,narchi_inf_pct,narchi_com_pct,narchi_abs_pct,narchi_hie_pct,totalprt_hottcodes_4c_pct,totalprt_str_4c_pct,totalprt_fac_4c_pct,totalprt_ask_4c_pct,totalprt_give_4c_pct,totalprt_inf_pct,totalprt_com_pct,totalprt_abs_pct,totalprt_hie_pct,totalchi_hottcodes_4c_pct,totalchi_str_4c_pct,totalchi_fac_4c_pct,totalchi_ask_4c_pct,totalchi_give_4c_pct,totalchi_inf_pct,totalchi_com_pct,totalchi_abs_pct,totalchi_hie_pct,mlu_morphemes,mlu_words,vocd_prt,vocd_chi,totalchi_hottcodes_4c_pct_log,totalprt_hottcodes_4c_pct_log,totalprt_str_4c_pct_log,totalprt_fac_4c_pct_log,totalprt_ask_4c_pct_log,totalprt_give_4c_pct_log
1,1,6/10/19,7/2/19,6/1/15,48,App Only,2,60,100,90,100,90,88,disagree,disagree,agree,disagree,disagree,disagree,mostly agree,mostly agree,3,as a baby,as a toddler,as an infant,as a baby,probably not true,definitely true,probably true,definitely true,definitely true,definitely true,probably true,definitely not true,probably not true,definitely not true,probably true,probably not true,probably not true,definitely not true,definitely not true,probably true,probably not true,probably not true,56,1988,male,white,bachelor's,16,english,"50,001 to 75,000",62500,"50,000 to 74,999",biological father,6/11/15,female,white,yes,yes,no,My child uses the device on their own,30,often,seldom,sometimes,sometimes,more than 60,3 months to 6 months,95,95,85,100,90,93,disagree,disagree,agree,disagree,mostly agree,mostly disagree,mostly agree,mostly agree,3,as a toddler,in preschool,as a toddler,as a toddler,probably not true,definitely true,probably true,definitely true,definitely true,definitely true,probably true,definitely not true,probably not true,definitely not true,probably true,definitely not true,definitely not true,definitely not true,probably not true,probably true,probably not true,probably not true,52,english,yes,0,3,10,8,1,19,55,100,46,97,5,73,35,90,NA,52,94,85,4,4,112,360,0,51,1,76,75,4,4,100,308,0,37,1,14,29,65,65,3,3,72,187,0,34,1,75,73,3,4,101,263,0,61,1,12,16,87,79,3,3,78,248,0,26,1,111,110,5,5,137,566,0,35,1,15,58,0,1,1,1,0,0,0,0,0,0,1,0,0,0,0,0,0,0,0,0,0,2,0,0,78,1,2,0,75,0,0,1,2,0,1,0,0,0,0,0,3,0,0,0,0,0,0,0,1,0,5,0,0,94,0,10,0,84,0,0,0,1,0,1,0,1,0,0,0,0,0,0,1,0,0,0,0,0,0,33,0,0,76,0,3,0,73,0,0,0,0,0,0,0,0,0,0,0,0,0,1,0,0,0,0,0,0,0,27,0,0,66,0,1,0,65,0,0,1,4,1,0,0,0,0,0,1,0,0,0,0,0,15,2,20,2,2,29,0,0,110,0,1,0,109,0,0,0,1,0,0,0,0,0,0,0,3,0,0,0,0,0,10,0,14,1,27,0,0,89,0,9,0,80,4,1,3,2,2,3,0,1,0,7,1,6,1,6,3,0,3,1,4,1,3,1,3,1,1,0,2,1,1,0,0,1,0,1,0,0,7,1,6,3,4,5,0,1,1,4,0,4,0,4,1,0,3,0,257,1,0,6,2,0,0,0,1,0,0,0,2,1,1,1,0,229,0,0,3,1,1,0,0,0,0,0,6,0,1,0,0,0,15,3,12,6,9,9,1,2,3,12,2,10,1,11,4,1,6,1,0.053333333,0.04,0.013333333,0.026666667,0.026666667,0.04,0,0.013333333,0,0.083333333,0.071428571,0.011904762,0.011904762,0.071428571,0.035714286,0.011904762,0.035714286,0,0.054794521,0.04109589,0.01369863,0.01369863,0.04109589,0.01369863,0.02739726,0,0.01369863,0.015384615,0,0.015384615,0,0.015384615,0,0,0,0.015384615,0.064220183,0.055045872,0.009174312,0.027522936,0.036697248,0.04587156,0.009174312,0.009174312,0,0.05,0.05,0,0,0.05,0.0125,0,0.0375,0,0.058365759,0.046692607,0.011673152,0.023346304,0.035019455,0.035019455,0.011673152,0.007782101,0.003891051,0.052401747,0.043668122,0.008733624,0.004366812,0.048034934,0.017467249,0.004366812,0.026200873,0.004366812,4.677,4.156,50.43,47.67,1.831008174,1.922287003,1.735058721,0.773489155,1.204361834,1.504509642
2,2,6/10/19,7/1/19,6/18/16,35,App + Info,1,100,100,100,100,100,100,mostly disagree,strongly disagree,strongly agree,strongly disagree,strongly agree,disagree,agree,strongly agree,2,as a toddler,as a toddler,as a baby,as a baby,definitely not true,definitely true,definitely not true,definitely true,definitely true,definitely true,definitely not true,definitely not true,probably true,definitely not true,definitely true,definitely not true,definitely true,definitely not true,definitely true,probably true,probably true,definitely true,50,1984,female,mixed,H.S.,12,english,"50,001 to 75,000",62500,"50,000 to 74,999",biological mother,6/18/16,female,mixed,yes,yes,yes,Both,30,often,often,often,often,more than 60,infant,100,100,100,100,100,100,disagree,disagree,agree,disagree,strongly agree,strongly disagree,strongly agree,agree,2,as a baby,as a toddler,as a toddler,as an infant,definitely not true,definitely true,probably true,definitely true,definitely true,definitely true,probably true,probably not true,definitely not true,probably true,definitely true,definitely not true,definitely not true,definitely not true,definitely not true,definitely true,definitely not true,probably true,54,english,no,0,0,4,5,2,11,22,85,41,96,32,88,30,89,7,37,62,62,2,2,40,93,0,19,0,129,129,4,5,138,574,0,46,1,6,45,35,31,1,1,24,45,1,NA,0,100,97,4,4,124,417,0,52,1,3,32,41,38,1,2,33,58,1,24,0,118,117,4,4,127,474,0,29,1,1,55,2,0,1,1,0,0,0,2,0,0,0,0,0,0,0,0,0,0,0,1,1,0,0,0,129,0,0,0,129,0,1,0,0,0,0,0,0,0,0,0,0,0,0,0,0,0,0,0,0,0,0,0,0,63,0,1,0,62,0,1,1,3,0,0,1,2,0,0,0,0,0,0,1,0,0,2,2,4,4,1,0,0,103,0,6,0,97,0,0,0,0,0,0,0,0,0,0,0,0,0,0,0,0,0,0,0,2,0,1,0,0,41,0,10,0,31,0,0,0,0,0,0,0,0,0,0,0,0,0,0,0,0,11,7,9,2,0,24,0,0,120,0,1,0,119,0,0,0,0,0,0,0,0,0,0,0,0,0,0,0,0,0,8,0,7,0,9,0,0,47,4,5,0,38,6,2,4,3,3,4,0,0,2,1,1,0,0,1,1,0,0,0,9,1,8,3,6,5,1,0,3,0,0,0,0,0,0,0,0,0,0,0,0,0,0,0,0,0,0,0,0,0,0,0,0,0,0,0,345,1,2,4,2,0,0,0,1,0,0,0,0,0,0,4,1,131,1,0,0,0,0,0,0,0,0,0,0,0,0,0,0,0,15,3,12,6,9,9,1,0,5,1,1,0,0,1,1,0,0,0,0.046511628,0.031007752,0.015503876,0.023255814,0.023255814,0.031007752,0.015503876,0,0,0.016129032,0,0.016129032,0,0.016129032,0.016129032,0,0,0,0.092783505,0.082474227,0.010309278,0.030927835,0.06185567,0.051546392,0.030927835,0,0.010309278,0,0,0,0,0,0,0,0,0,0,0,0,0,0,0,0,0,0,0,0,0,0,0,0,0,0,0,0.043478261,0.034782609,0.008695652,0.017391304,0.026086957,0.026086957,0.014492754,0,0.002898551,0.007633588,0,0.007633588,0,0.007633588,0.007633588,0,0,0,4.516,4.015,50.33,36.58,0.567220387,1.676690139,1.499234772,0.6257059,1.00764051,1.283346392
3,3,6/10/19,7/1/19,5/13/16,36,App Only,3,100,100,100,100,100,100,strongly disagree,strongly disagree,strongly agree,strongly disagree,mostly agree,agree,agree,disagree,2,as a toddler,as a toddler,as a toddler,as a toddler,definitely not true,probably true,probably true,definitely true,definitely true,definitely true,definitely not true,definitely not true,definitely not true,definitely not true,definitely not true,definitely not true,definitely not true,definitely not true,definitely true,definitely not true,definitely not true,definitely not true,60,1989,female,african american,some college,14,english,"10,001 to 20,000",15000,"0 to 49,999",biological mother,5/13/16,female,mixed,yes,yes,no,My child uses the device on their own,20,often,sometimes,sometimes,very often,41-60,2 months,100,100,100,100,100,100,strongly disagree,strongly disagree,agree,strongly disagree,agree,disagree,agree,agree,2,as a toddler,as a toddler,as a toddler,as a toddler,definitely not true,definitely true,probably true,definitely true,definitely true,definitely true,definitely not true,definitely not true,definitely not true,definitely not true,definitely not true,definitely not true,definitely not true,definitely not true,probably true,definitely not true,definitely not true,probably true,60,english,no,0,5,5,4,1,10,32,93,32,90,15,82,25,87,NA,17,37,32,2,2,41,85,0,24,0,43,38,3,4,55,159,0,27,1,6,6,55,50,2,2,46,131,0,15,0,38,33,3,3,50,108,0,25,1,12,6,30,26,2,3,41,76,1,31,0,52,50,4,4,64,211,0,24,1,4,23,0,0,0,0,0,0,0,0,0,0,0,0,0,0,0,0,0,0,0,0,0,0,0,0,47,0,10,0,37,0,0,0,0,0,1,0,0,0,0,0,0,0,0,0,0,0,0,0,0,0,0,0,0,49,0,18,0,31,0,0,1,0,0,1,0,0,0,0,0,0,0,0,1,0,0,0,0,4,0,0,0,0,39,0,5,0,34,0,0,0,1,0,0,0,0,0,0,0,0,0,0,0,1,0,0,5,0,0,0,0,0,56,0,6,0,50,0,0,0,0,0,0,0,0,0,0,0,0,0,0,0,0,1,0,0,0,0,7,0,0,53,0,3,0,50,0,0,0,0,0,0,0,0,0,0,0,0,0,0,0,0,2,0,0,0,0,2,0,0,36,0,10,0,26,0,0,0,0,0,0,0,0,0,1,1,0,0,1,0,0,0,1,3,1,2,2,1,1,1,0,1,2,0,2,0,2,1,1,0,0,0,0,0,0,0,0,0,0,0,0,0,0,0,0,0,0,0,0,121,0,0,0,1,0,0,0,1,0,0,0,0,1,0,0,0,107,0,0,1,0,0,0,1,0,0,0,0,0,1,0,0,0,3,1,2,2,1,1,1,0,1,3,1,2,0,3,1,1,0,1,0,0,0,0,0,0,0,0,0,0.032258065,0,0.032258065,0,0.032258065,0,0.032258065,0,0,0.088235294,0.058823529,0.029411765,0.058823529,0.029411765,0.029411765,0.029411765,0,0.029411765,0.04,0.04,0,0,0.04,0.02,0,0,0.02,0,0,0,0,0,0,0,0,0,0,0,0,0,0,0,0,0,0,0.024793388,0.016528926,0.008264463,0.016528926,0.008264463,0.008264463,0.008264463,0,0.008264463,0.028037383,0.018691589,0.009345794,0,0.028037383,0.009345794,0.009345794,0,0.009345794,3.86,3.455,36.03,31.87,1.335984351,1.246842288,0.975650578,0.602372156,0.975650578,0.602372156
4,4,6/10/19,7/1/19,8/19/15,45,App + Info,2,100,100,90,100,100,98,strongly disagree,strongly disagree,strongly agree,strongly disagree,strongly agree,strongly disagree,strongly agree,strongly agree,1,as an infant,as a toddler,as an infant,as a baby,definitely not true,definitely true,definitely true,definitely true,definitely true,definitely true,definitely not true,definitely not true,definitely true,definitely not true,probably not true,definitely not true,definitely true,definitely not true,definitely true,definitely true,definitely not true,probably true,53,1983,female,african american,bachelor's,16,english,"50,001 to 75,000",62500,"50,000 to 74,999",biological mother,8/19/15,male,african american,yes,yes,no,Both,30,very often,very often,sometimes,sometimes,21-40,Birth,100,100,85,100,100,97,strongly disagree,strongly disagree,strongly agree,strongly disagree,strongly agree,strongly disagree,strongly disagree,strongly disagree,2,as an infant,as a baby,as an infant,as a baby,definitely not true,definitely true,definitely true,definitely true,definitely true,definitely true,definitely not true,definitely not true,probably true,definitely not true,definitely not true,definitely not true,definitely not true,definitely not true,probably true,definitely true,definitely not true,probably true,60,english,yes,2,5,5,4,3,12,32,93,32,90,43,94,47,94,1,49,52,47,2,2,53,104,1,32,0,84,84,4,4,91,341,0,25,1,4,36,59,54,2,2,47,119,0,21,0,108,107,4,4,109,419,0,35,1,2,46,57,52,3,3,57,148,0,26,0,100,100,5,6,110,537,0,19,1,1,66,1,0,3,1,0,1,0,0,0,0,0,0,0,0,0,0,0,0,1,2,0,0,0,0,84,0,0,0,84,0,1,0,1,0,0,0,1,0,0,0,0,0,0,0,0,0,0,0,0,0,0,0,0,56,0,9,0,47,0,0,1,0,0,1,0,0,0,0,0,0,0,0,1,0,0,0,0,0,0,1,0,0,109,1,1,0,107,0,0,0,1,0,0,0,0,0,0,0,0,0,1,0,0,0,0,0,0,0,1,0,0,66,2,10,0,54,0,0,2,1,0,0,1,0,0,0,0,1,0,0,1,0,8,0,1,2,2,1,0,0,101,0,0,0,101,0,0,0,0,0,0,0,1,0,0,0,0,0,0,0,0,0,1,0,1,0,0,0,0,66,0,14,0,52,6,2,4,4,2,5,0,0,1,3,1,2,0,3,2,0,0,1,3,1,2,2,1,1,1,0,1,2,1,1,0,2,1,1,0,0,6,0,6,4,2,3,1,1,1,1,0,1,0,1,0,0,0,1,292,0,1,2,6,0,0,0,2,0,0,1,0,2,0,0,1,153,1,0,2,0,1,0,0,0,0,0,0,0,0,0,2,0,15,3,12,10,5,9,2,1,3,6,2,4,0,6,3,1,0,2,0.071428571,0.047619048,0.023809524,0.047619048,0.023809524,0.05952381,0.011904762,0,0,0.063829787,0.042553191,0.021276596,0,0.063829787,0.042553191,0.021276596,0,0,0.028037383,0.018691589,0.009345794,0.018691589,0.009345794,0.009345794,0.009345794,0,0.009345794,0.037037037,0.018518519,0.018518519,0,0.037037037,0.018518519,0,0,0.018518519,0.059405941,0.059405941,0,0.03960396,0.01980198,0.02970297,0.00990099,0.00990099,0.00990099,0.019230769,0.019230769,0,0,0.019230769,0,0.019230769,0,0,0.051369863,0.04109589,0.010273973,0.034246575,0.017123288,0.030821918,0.010273973,0.003424658,0.006849315,0.039215686,0.026143791,0.013071895,0,0.039215686,0.019607843,0.013071895,0,0.006535948,4.907,4.326,33.17,40.44,1.593627306,1.814333791,1.631118978,0.706752833,1.487192882,0.99780759
5,5,6/10/19,7/1/19,9/30/15,44,App Only,4,65,100,100,75,100,88,strongly disagree,strongly disagree,agree,strongly disagree,agree,strongly disagree,agree,agree,2,as a baby,as a toddler,as a baby,as an infant,definitely not true,definitely true,probably not true,definitely true,definitely true,definitely true,probably not true,definitely not true,probably true,definitely not true,probably not true,definitely not true,probably true,definitely not true,probably not true,probably not true,probably not true,probably not true,59,1982,female,white,master's degree,18,english,"50,001 to 75,000",62500,"75,000 to 99,999",biological mother,9/30/15,male,white,yes,yes,yes,Both,20,very often,often,sometimes,sometimes,more than 60,3 months ,90,100,100,85,100,95,disagree,strongly disagree,agree,strongly disagree,agree,strongly disagree,agree,agree,2,as a toddler,as a toddler,as a baby,as a baby,definitely not true,definitely true,probably true,definitely true,definitely true,definitely true,probably not true,definitely not true,probably true,definitely not true,probably true,probably not true,probably true,definitely not true,probably not true,probably not true,definitely not true,probably not true,55,english,yes,2,7,13,12,15,40,95,119,97,124,99,130,98,128,NA,98,42,38,4,4,73,177,0,38,1,64,62,4,5,121,297,0,51,1,4,16,34,31,2,2,47,67,1,53,0,82,82,5,5,128,391,0,52,1,1,38,25,24,4,4,42,88,0,24,1,119,118,6,7,186,717,0,42,1,1,54,1,1,0,0,0,0,0,0,0,0,1,0,0,0,0,0,0,0,0,0,0,0,0,0,64,0,2,0,62,0,2,0,2,0,0,0,0,0,0,0,0,0,0,0,0,0,0,0,0,0,0,0,0,44,0,7,0,37,1,1,2,5,0,1,0,1,0,0,0,1,0,0,2,0,0,1,3,3,4,1,0,0,81,0,0,0,81,0,0,0,0,0,0,0,0,0,0,0,1,0,0,0,1,0,0,0,1,1,0,0,0,38,0,7,0,31,0,1,5,4,3,0,6,5,1,0,0,0,0,0,0,0,0,0,4,2,8,0,0,0,120,0,2,0,118,0,1,1,1,0,1,0,4,0,0,0,0,0,0,0,0,0,0,0,3,2,0,0,0,50,0,10,0,40,3,2,1,2,1,2,0,1,0,4,2,2,0,4,4,0,0,0,14,3,11,5,9,9,2,1,2,2,0,2,0,2,0,1,1,0,25,5,20,15,10,10,0,1,14,8,2,6,1,7,3,0,0,5,261,3,2,9,7,0,0,0,2,0,1,1,1,1,3,6,6,108,3,0,3,1,0,0,1,0,0,0,1,0,1,0,4,0,42,10,32,22,20,21,2,3,16,14,4,10,1,13,7,1,1,5,0.048387097,0.016129032,0.032258065,0.032258065,0.016129032,0.032258065,0,0.016129032,0,0.108108108,0.054054054,0.054054054,0,0.108108108,0.108108108,0,0,0,0.172839506,0.135802469,0.037037037,0.061728395,0.111111111,0.111111111,0.024691358,0.012345679,0.024691358,0.064516129,0.064516129,0,0,0.064516129,0,0,0.032258065,0.032258065,0.211864407,0.169491525,0.042372881,0.127118644,0.084745763,0.084745763,0.118644068,0.008474576,0,0.2,0.15,0.05,0.025,0.175,0.075,0.125,0,0,0.16091954,0.122605364,0.038314176,0.084291188,0.076628352,0.08045977,0.061302682,0.011494253,0.007662835,0.12962963,0.092592593,0.037037037,0.009259259,0.12037037,0.064814815,0.046296296,0.009259259,0.009259259,5.705,5.057,52.71,42.59,2.636408321,2.838607828,2.584792436,1.575139929,2.243802643,2.159042065
6,6,6/26/19,7/17/19,9/23/15,45,App + Info,3,100,100,70,100,100,94,disagree,disagree,mostly agree,disagree,mostly agree,mostly agree,mostly disagree,mostly disagree,3,in kindergarten,in kindergarten,as a toddler,as a baby,probably not true,probably true,probably true,probably true,definitely true,probably true,probably true,probably not true,definitely true,probably not true,probably true,probably not true,definitely true,probably not true,probably not true,probably true,probably not true,probably not true,38,1979,male,hispanic/latino,associate's,14,english,"50,001 to 75,000",62500,"50,000 to 74,999",biological father,9/23/15,female,mixed,yes,yes,no,My child uses the device on their own,15,sometimes,seldom,often,often,more than 60,3 months,100,100,100,100,100,100,mostly disagree,mostly disagree,mostly disagree,disagree,mostly disagree,mostly agree,mostly disagree,mostly disagree,4,as a toddler,as a toddler,as a baby,as a baby,probably not true,probably not true,probably true,definitely true,definitely true,probably not true,probably true,probably not true,probably not true,probably not true,probably not true,probably not true,probably true,probably not true,probably not true,probably true,probably true,probably not true,45,"english, spanish",yes,0,3,7,7,9,23,60,103,74,106,82,114,82,109,0,26,31,27,3,4,47,98,0,34,0,53,51,4,5,100,245,0,48,1,2,22,38,37,2,3,45,96,0,25,0,42,42,4,4,70,155,0,42,1,1,9,3,3,1,1,3,3,1,NA,0,72,69,5,6,108,398,0,41,1,0,37,0,2,0,1,1,0,0,0,0,0,0,0,0,0,0,0,0,0,2,2,0,1,0,0,55,0,3,0,52,0,0,0,0,0,1,0,0,0,0,0,0,0,0,0,0,0,0,0,2,0,0,0,0,37,0,10,0,27,0,1,0,0,0,0,0,0,0,0,0,0,0,0,0,0,0,0,1,0,0,0,0,0,43,0,1,0,42,0,0,0,1,0,0,0,0,0,0,0,0,0,0,0,0,0,0,0,1,0,1,0,0,40,0,3,0,37,1,1,4,1,0,0,0,1,0,0,0,0,0,0,0,0,3,0,0,0,1,4,0,0,72,0,3,0,69,0,0,0,2,0,0,0,1,0,0,0,0,0,0,0,0,0,0,0,1,0,1,0,0,33,0,9,0,24,4,3,1,1,3,3,0,0,1,1,1,0,0,1,0,0,0,1,1,1,0,0,1,1,0,0,0,1,0,1,0,1,1,0,0,0,8,2,6,5,3,7,0,0,1,3,0,3,0,3,2,0,0,1,163,4,1,2,4,0,0,0,0,0,0,0,0,0,1,1,0,88,0,0,3,0,0,0,0,0,0,0,0,0,1,0,1,0,13,6,7,6,7,11,0,0,2,5,1,4,0,5,3,0,0,2,0.076923077,0.019230769,0.057692308,0.019230769,0.057692308,0.057692308,0.019230769,0,0,0.037037037,0,0.037037037,0,0.037037037,0,0.037037037,0,0,0.023809524,0,0.023809524,0,0.023809524,0.023809524,0,0,0,0.027027027,0.027027027,0,0,0.027027027,0.027027027,0,0,0,0.115942029,0.086956522,0.028985507,0.072463768,0.043478261,0.101449275,0.014492754,0,0,0.125,0.125,0,0,0.125,0.083333333,0.041666667,0,0,0.079754601,0.042944785,0.036809816,0.036809816,0.042944785,0.067484663,0.012269939,0,0,0.056818182,0.045454545,0.011363636,0,0.056818182,0.034090909,0.022727273,0,0,4.914,4.444,55.17,40.46,1.899390133,2.1944942,1.66666449,1.54350783,1.54350783,1.66666449
7,7,6/11/19,7/2/19,9/21/15,44,App Only,4,50,100,70,40,60,64,strongly disagree,strongly disagree,strongly agree,strongly disagree,strongly agree,agree,agree,agree,2,as a baby,as a toddler,as an infant,as an infant,probably not true,definitely true,probably not true,definitely true,definitely true,definitely true,definitely not true,definitely not true,definitely true,probably not true,definitely not true,probably not true,definitely not true,probably not true,probably not true,probably not true,definitely not true,probably not true,60,1988,female,mixed,bachelor's,16,english,"50,001 to 75,000",62500,"0 to 49,999",biological mother,9/21/15,male,mixed,yes,yes,yes,My child uses the device on their own,10,seldom,never,sometimes,sometimes,41-60,3 months ,60,100,20,30,50,52,disagree,disagree,agree,disagree,mostly agree,disagree,mostly agree,mostly agree,2,as a toddler,as a toddler,as a baby,as a baby,probably not true,definitely true,probably true,definitely true,definitely true,definitely true,probably not true,probably not true,probably true,probably not true,definitely not true,probably not true,probably true,definitely not true,probably not true,probably true,probably not true,probably not true,52,"english, spanish",yes,0,2,5,9,2,16,32,93,84,113,32,88,62,99,NA,30,0,0,0,0,0,0,0,0,0,29,28,4,4,60,120,1,36,1,0,16,32,25,2,2,32,71,0,16,0,47,46,4,5,80,198,0,39,1,1,16,48,37,2,2,47,97,0,24,0,29,28,4,4,50,115,0,20,1,0,18,0,0,0,1,0,1,0,0,0,0,0,0,0,0,0,0,0,0,0,1,0,0,0,0,32,0,4,0,28,0,0,0,0,0,0,0,0,0,0,0,0,0,0,0,0,0,0,0,0,0,0,0,0,2,2,0,0,0,0,2,0,1,0,0,0,2,0,0,0,0,0,0,0,0,0,0,0,6,1,0,0,0,47,0,1,0,46,0,1,0,0,0,0,0,0,0,0,0,0,0,0,0,0,0,0,1,0,0,0,0,0,36,0,12,0,24,0,0,0,0,0,0,2,0,0,0,0,0,0,0,0,0,0,0,2,0,1,1,0,0,32,0,1,0,31,0,0,0,0,0,0,0,0,0,0,0,0,0,0,0,0,0,0,0,1,0,0,0,0,8,1,4,0,3,2,1,1,0,2,1,0,0,1,0,0,0,0,0,0,0,0,0,5,2,3,0,5,3,0,0,2,1,1,0,0,1,1,0,0,0,2,0,2,2,0,0,0,0,2,0,0,0,0,0,0,0,0,0,105,2,0,2,0,0,0,0,0,0,0,0,0,1,0,2,2,27,1,0,0,0,0,0,0,0,0,0,0,0,0,0,0,0,9,3,6,2,7,4,0,0,5,1,1,0,0,1,1,0,0,0,0.071428571,0.035714286,0.035714286,0,0.071428571,0.035714286,0.035714286,0,0,0,0,0,0,0,0,0,0,0,0.108695652,0.065217391,0.043478261,0,0.108695652,0.065217391,0.043478261,0,0,0.041666667,0,0.041666667,0,0.041666667,0.041666667,0,0,0,0.064516129,0.064516129,0,0.064516129,0,0,0.064516129,0,0,0,0,0,0,0,0,0,0,0,0.085714286,0.057142857,0.028571429,0.019047619,0.066666667,0.038095238,0.047619048,0,0,0.037037037,0,0.037037037,0,0.037037037,0.037037037,0,0,0,4.471,3.931,42.7,19.01,1.54835022,2.25878247,1.904237453,1.349926717,1.066351426,2.036881927
8,8,6/12/19,7/3/19,4/8/16,38,App + Info,3,100,100,100,100,100,100,disagree,disagree,mostly agree,disagree,mostly disagree,mostly disagree,mostly disagree,mostly disagree,3,as a baby,as a baby,as a baby,as a baby,probably true,definitely true,probably not true,definitely true,definitely true,definitely true,probably not true,probably not true,probably not true,probably true,probably not true,probably not true,probably true,probably not true,probably not true,probably not true,probably true,definitely not true,53,1981,female,white,associate's,14,english,"50,001 to 75,000",62500,"50,000 to 74,999",biological mother,4/8/16,male,white,yes,yes,,Both,40,often,often,sometimes,seldom,more than 60,newborn,100,100,90,100,100,98,mostly disagree,mostly disagree,mostly agree,mostly disagree,agree,disagree,disagree,agree,3,in preschool,in preschool,in preschool,as a toddler,probably not true,definitely true,probably not true,definitely true,definitely true,definitely true,probably not true,probably not true,probably true,probably not true,probably not true,probably not true,probably not true,probably not true,probably not true,probably not true,probably not true,probably not true,48,english ,no,0,0,7,8,4,19,60,103,77,110,52,100,77,106,0,103,63,60,2,3,60,163,0,26,0,66,64,5,5,100,331,0,38,1,3,25,52,47,3,3,65,141,0,39,0,65,63,4,5,94,267,0,51,1,4,22,38,38,3,3,52,105,0,34,0,70,70,5,6,109,370,0,31,1,2,45,0,0,1,1,0,2,0,3,0,0,0,1,1,0,0,0,0,0,3,1,1,0,0,0,66,0,2,0,64,0,0,0,1,0,1,0,0,0,0,0,0,0,0,0,0,0,0,0,4,0,0,0,0,65,0,6,0,59,1,0,3,2,0,0,0,2,0,0,0,0,0,0,3,0,3,0,2,4,3,0,0,0,66,0,3,0,63,0,3,0,1,0,0,0,1,0,0,0,0,0,0,0,2,0,2,1,4,2,0,0,0,54,0,9,0,45,1,0,2,0,1,2,3,0,0,0,0,1,0,0,0,0,3,0,7,1,4,8,0,0,70,0,0,0,70,0,1,0,2,0,1,0,1,0,0,0,0,0,0,0,0,0,4,0,4,2,4,0,0,50,0,14,0,36,9,3,6,2,7,2,1,1,5,2,1,1,0,2,1,0,0,1,11,1,10,7,4,6,3,0,2,7,3,4,0,7,4,2,0,1,10,4,6,7,3,3,0,1,6,5,2,3,0,5,3,0,0,2,197,0,2,3,6,0,1,0,3,0,0,2,0,4,1,5,3,140,4,0,4,0,0,0,2,0,0,0,0,0,2,0,2,0,30,8,22,16,14,11,4,2,13,14,6,8,0,14,8,2,0,4,0.140625,0.09375,0.046875,0.03125,0.109375,0.03125,0.078125,0.015625,0.015625,0.033898305,0.016949153,0.016949153,0,0.033898305,0.016949153,0.016949153,0,0,0.174603175,0.158730159,0.015873016,0.111111111,0.063492063,0.095238095,0.031746032,0,0.047619048,0.155555556,0.088888889,0.066666667,0,0.155555556,0.088888889,0.022222222,0,0.044444444,0.142857143,0.085714286,0.057142857,0.1,0.042857143,0.042857143,0.085714286,0.014285714,0,0.138888889,0.083333333,0.055555556,0,0.138888889,0.083333333,0.055555556,0,0,0.152284264,0.111675127,0.040609137,0.081218274,0.07106599,0.055837563,0.065989848,0.010152284,0.020304569,0.1,0.057142857,0.042857143,0,0.1,0.057142857,0.028571429,0,0.014285714,5.244,4.67,45.67,36.21,2.397895273,2.78676442,2.498769506,1.621547041,2.210670158,2.092678419
9,9,6/11/19,7/2/19,2/26/16,39,App Only,1,75,95,85,100,90,89,strongly disagree,strongly disagree,strongly agree,strongly disagree,strongly agree,strongly disagree,strongly agree,strongly agree,1,as an infant,as a toddler,as a baby,as a baby,probably not true,definitely true,probably not true,definitely true,definitely true,definitely true,probably not true,definitely not true,probably not true,definitely not true,definitely not true,probably not true,definitely not true,definitely not true,probably not true,probably not true,probably not true,definitely not true,62,1987,female,asian,bachelor's,16,english,"75,001 to 100,000",87500,"75,000 to 99,999",biological mother,2/26/16,male,mixed,yes,yes,yes,Both,30,sometimes,often,seldom,sometimes,more than 60,3 months ,90,100,90,80,90,90,strongly disagree,strongly disagree,strongly agree,strongly disagree,strongly agree,strongly disagree,strongly agree,strongly agree,1,as a baby,as a toddler,as a toddler,as a baby,probably not true,definitely true,probably not true,definitely true,definitely true,definitely true,probably not true,definitely not true,probably not true,definitely not true,definitely not true,probably not true,probably not true,probably not true,definitely not true,definitely not true,definitely not true,probably not true,60,english,no,19,3,11,13,12,36,86,113,97,124,91,120,97,124,NA,44,34,32,4,4,59,128,0,32,1,52,52,4,4,75,209,0,33,1,5,21,34,31,3,3,52,112,0,31,1,69,69,4,4,81,264,0,31,1,2,30,14,10,1,1,10,20,1,NA,0,96,92,5,5,120,447,0,29,1,1,54,0,0,1,5,0,0,0,0,0,0,0,0,1,0,0,0,0,0,0,2,1,0,0,0,53,0,0,0,53,1,0,3,0,0,0,0,0,0,0,0,0,0,0,0,0,0,0,1,1,1,0,0,0,38,0,6,0,32,0,0,3,2,0,0,0,0,0,0,0,0,0,0,1,0,0,0,0,0,0,0,0,0,71,0,2,0,69,0,0,0,0,0,0,0,0,0,0,0,0,0,0,0,0,0,0,0,0,0,0,0,0,37,0,6,0,31,0,0,5,3,0,0,4,0,0,0,0,1,0,0,0,0,0,0,14,1,9,1,0,0,96,0,4,0,92,0,0,0,3,0,0,0,4,0,0,0,0,0,0,0,0,0,0,0,12,6,0,0,0,44,0,6,0,38,7,1,6,2,5,6,1,0,0,4,1,3,4,0,4,0,0,0,6,0,6,4,2,5,1,0,0,0,0,0,0,0,0,0,0,0,13,0,13,9,4,8,0,1,4,7,0,7,0,7,3,0,0,4,214,0,0,10,9,0,1,0,1,0,0,1,0,0,0,0,4,101,0,1,3,3,0,0,0,0,0,0,0,0,0,0,4,0,26,1,25,15,11,19,2,1,4,11,1,10,4,7,7,0,0,4,0.132075472,0.113207547,0.018867925,0.037735849,0.094339623,0.113207547,0,0,0.018867925,0.125,0.09375,0.03125,0.125,0,0.125,0,0,0,0.086956522,0.086956522,0,0.057971014,0.028985507,0.072463768,0,0,0.014492754,0,0,0,0,0,0,0,0,0,0.141304348,0.141304348,0,0.097826087,0.043478261,0.086956522,0.043478261,0.010869565,0,0.184210526,0.184210526,0,0,0.184210526,0.078947368,0.105263158,0,0,0.121495327,0.11682243,0.004672897,0.070093458,0.051401869,0.088785047,0.018691589,0.004672897,0.009345794,0.108910891,0.099009901,0.00990099,0.03960396,0.069306931,0.069306931,0.03960396,0,0,4.573,4.113,42.1,49.39,2.475789305,2.576386223,2.540202825,0.383416971,2.080609084,1.814855184
10,10,6/11/19,7/2/19,5/25/16,36,App + Info,3,100,100,90,70,50,82,agree,agree,strongly agree,strongly agree,agree,disagree,agree,strongly agree,3,as an infant,as a toddler,as an infant,as an infant,probably not true,definitely true,definitely true,definitely true,definitely true,definitely true,definitely not true,definitely not true,definitely not true,definitely not true,definitely not true,definitely not true,definitely not true,probably not true,probably not true,definitely not true,definitely not true,probably not true,65,1990,female,african american,H.S.,12,english,"10,001 to 20,000",15000,"0 to 49,999",biological mother,5/25/16,male,african american,yes,no,no,Both,30,seldom,sometimes,never,often,41-60,6 months,50,100,50,40,70,62,strongly disagree,agree,strongly agree,agree,agree,disagree,mostly agree,agree,3,as an infant,as a toddler,as an infant,as an infant,probably not true,definitely true,definitely true,definitely true,definitely true,definitely true,definitely not true,probably not true,definitely not true,definitely not true,definitely not true,definitely not true,probably not true,definitely not true,definitely not true,definitely not true,definitely not true,definitely not true,66,english,no,0,2,NA,NA,NA,NA,NA,NA,NA,NA,NA,NA,NA,NA,0,27,24,22,2,2,20,50,0,7,0,118,116,4,4,119,473,0,43,1,2,27,10,10,1,1,5,12,0,NA,0,64,63,5,5,94,321,0,43,1,0,26,43,32,3,3,61,110,1,32,0,55,54,5,5,79,277,0,22,1,1,23,0,1,0,2,0,1,0,1,0,0,0,1,0,0,0,0,0,0,1,1,1,5,0,0,118,0,2,0,116,0,0,0,0,0,0,0,0,0,0,0,0,0,0,0,0,0,0,0,0,0,0,0,0,31,0,9,0,22,0,0,2,1,1,0,0,0,0,0,0,0,0,0,0,0,0,0,0,0,0,0,0,0,64,0,1,0,63,0,0,0,0,0,0,0,0,0,0,0,0,0,0,0,0,0,0,0,0,0,0,0,0,28,0,18,0,10,0,0,0,2,0,0,0,1,0,0,0,0,0,0,0,0,0,0,0,0,0,1,0,0,55,0,1,0,54,0,0,0,0,0,0,0,0,0,0,0,0,0,0,0,0,0,0,0,0,0,0,0,0,25,0,15,0,10,6,2,4,0,6,3,0,1,2,0,0,0,0,0,0,0,0,0,4,1,3,3,1,3,0,0,1,0,0,0,0,0,0,0,0,0,3,0,3,0,3,2,0,0,1,0,0,0,0,0,0,0,0,0,233,1,0,5,2,0,0,0,0,0,0,1,0,1,1,2,0,42,0,0,0,0,0,0,0,0,0,0,0,0,0,0,0,0,13,3,10,3,10,8,0,1,4,0,0,0,0,0,0,0,0,0,0.051724138,0.034482759,0.017241379,0,0.051724138,0.025862069,0.017241379,0.00862069,0,0,0,0,0,0,0,0,0,0,0.063492063,0.047619048,0.015873016,0.047619048,0.015873016,0.047619048,0.015873016,0,0,0,0,0,0,0,0,0,0,0,0.055555556,0.055555556,0,0,0.055555556,0.037037037,0.018518519,0,0,0,0,0,0,0,0,0,0,0,0.055793991,0.042918455,0.012875536,0.012875536,0.042918455,0.034334764,0.017167382,0.004291845,0,0,0,0,0,0,0,0,0,0,4.781,4.391,47.42,10.49,0,1.883943425,1.66616705,0.827482971,0.827482971,1.66616705
11,11,6/11/19,7/15/19,1/1/16,41,App Only,2,40,80,80,70,50,64,mostly disagree,mostly disagree,mostly agree,mostly disagree,mostly agree,mostly disagree,mostly agree,mostly agree,3,in preschool,in preschool,as a baby,as a baby,probably not true,probably true,probably true,definitely true,definitely true,definitely true,definitely not true,definitely not true,probably true,probably not true,definitely not true,probably true,probably not true,probably not true,probably not true,probably not true,probably not true,probably not true,51,1987,female,asian,professional degree,22,english,"10,000 or less",5000,"0 to 49,999",biological mother,1/1/16,female,asian,yes,yes,no,I use the device with my child,15,often,sometimes,never,never,21-40,6 months,60,80,70,80,60,70,mostly disagree,mostly disagree,mostly agree,mostly disagree,mostly agree,mostly disagree,mostly agree,mostly agree,3,as a toddler,in preschool,as a baby,as a baby,probably not true,probably true,probably true,definitely true,definitely true,definitely true,probably not true,probably not true,probably true,definitely not true,probably not true,probably true,probably true,probably not true,probably true,probably not true,probably not true,probably not true,48,"english, urdu",no,26,0,8,7,2,17,69,105,74,106,32,88,66,101,NA,129,33,29,2,2,28,65,0,12,0,61,58,4,5,94,284,0,41,1,6,26,18,16,2,2,16,44,0,NA,0,18,18,3,4,34,61,1,29,1,2,7,20,17,1,1,16,24,1,NA,0,96,91,4,5,116,428,0,29,1,2,64,0,0,1,2,0,0,0,0,0,0,0,0,0,0,0,0,0,0,1,3,1,0,0,0,63,0,5,0,58,0,0,0,0,0,1,0,0,0,0,0,0,0,0,0,0,0,0,0,0,0,0,0,0,33,0,4,0,29,0,0,0,0,0,0,0,0,0,0,0,0,0,0,0,0,0,0,0,0,0,0,0,0,18,0,0,0,18,0,0,0,0,0,0,0,0,0,0,0,0,0,0,0,0,0,0,0,1,0,1,0,0,21,0,6,0,15,0,2,0,1,0,0,0,0,0,0,0,0,0,0,0,0,1,0,0,2,1,2,0,0,97,0,6,0,91,0,0,0,0,0,0,0,0,0,0,0,0,0,0,0,0,0,0,0,0,0,0,0,0,55,0,24,0,31,3,0,3,1,2,3,0,0,0,1,1,0,0,1,0,0,0,1,0,0,0,0,0,0,0,0,0,0,0,0,0,0,0,0,0,0,3,2,1,0,3,3,0,0,0,0,0,0,0,0,0,0,0,0,167,2,0,3,1,0,0,0,0,0,0,0,0,0,0,0,0,75,0,0,0,0,0,0,0,0,0,0,0,0,1,0,0,0,6,2,4,1,5,6,0,0,0,1,1,0,0,1,0,0,0,1,0.051724138,0.051724138,0,0.017241379,0.034482759,0.051724138,0,0,0,0.034482759,0,0.034482759,0,0.034482759,0,0.034482759,0,0,0,0,0,0,0,0,0,0,0,0,0,0,0,0,0,0,0,0,0.032967033,0.010989011,0.021978022,0,0.032967033,0.032967033,0,0,0,0,0,0,0,0,0,0,0,0,0.035928144,0.023952096,0.011976048,0.005988024,0.02994012,0.035928144,0,0,0,0.013333333,0,0.013333333,0,0.013333333,0,0.013333333,0,0,4.743,4.311,42.36,28.57,0.84729786,1.524492989,1.222365491,0.787368036,0.469254846,1.384796233
12,12,6/11/19,7/16/19,11/26/15,42,App + Info,1,50,80,75,50,40,59,strongly disagree,strongly disagree,strongly agree,strongly disagree,strongly agree,strongly disagree,strongly agree,strongly agree,1,in kindergarten,in kindergarten,in preschool,as a toddler,definitely not true,probably true,definitely true,definitely true,definitely true,definitely true,probably true,probably not true,definitely not true,probably true,definitely not true,probably true,probably true,probably not true,definitely true,definitely true,definitely not true,probably true,39,1988,female,white,some college,14,english,"50,001 to 75,000",62500,"50,000 to 74,999",biological mother,11/26/15,male,mixed,no,yes,no,My child uses the device on their own,30,never,seldom,seldom,seldom,21-40,3 months ,40,80,40,30,30,44,disagree,disagree,agree,disagree,agree,disagree,agree,strongly agree,2,in kindergarten,in kindergarten,as a toddler,as a toddler,probably not true,probably true,definitely true,definitely true,definitely true,definitely true,probably true,probably not true,probably not true,probably not true,probably not true,probably true,definitely true,probably true,definitely true,definitely true,probably not true,probably true,35,english,yes,0,5,NA,NA,NA,NA,NA,NA,NA,NA,NA,NA,NA,NA,0,31,32,30,2,2,27,57,0,13,0,67,66,4,5,99,310,0,45,1,1,25,17,11,2,2,20,33,1,NA,0,71,67,4,4,91,265,0,40,1,3,27,68,66,2,2,73,143,1,37,0,68,67,4,5,77,302,0,25,1,2,31,0,0,1,1,1,0,0,1,0,0,0,0,0,0,4,0,0,0,0,0,0,0,0,0,68,0,2,0,66,0,0,0,0,0,0,0,0,0,0,0,0,0,0,0,2,0,0,0,0,0,0,0,0,35,2,3,0,30,0,0,1,2,0,0,0,0,0,0,0,0,0,1,1,1,0,0,1,1,0,0,0,0,72,0,5,0,67,0,0,0,0,0,0,0,0,0,0,0,0,0,0,0,0,0,0,0,0,0,0,0,0,24,2,11,0,11,0,0,0,1,0,0,1,0,0,0,0,0,0,0,0,0,0,0,1,0,1,5,0,0,69,0,2,0,67,0,0,0,0,0,0,0,0,0,0,0,0,0,0,0,0,0,0,0,0,0,1,0,0,21,0,5,0,16,8,1,7,6,2,2,4,0,2,2,0,2,0,2,0,2,0,0,6,1,5,2,4,3,3,0,0,0,0,0,0,0,0,0,0,0,2,0,2,1,1,1,0,0,1,0,0,0,0,0,0,0,0,0,200,0,0,4,2,1,0,1,5,0,0,0,0,0,1,1,1,57,0,0,0,0,0,0,2,0,0,0,0,0,0,0,0,0,16,2,14,9,7,6,7,0,3,2,0,2,0,2,0,2,0,0,0.121212121,0.106060606,0.015151515,0.090909091,0.03030303,0.03030303,0.03030303,0,0.060606061,0.066666667,0.066666667,0,0,0.066666667,0,0,0,0.066666667,0.089552239,0.074626866,0.014925373,0.029850746,0.059701493,0.044776119,0,0,0.044776119,0,0,0,0,0,0,0,0,0,0.029850746,0.029850746,0,0.014925373,0.014925373,0.014925373,0.014925373,0,0,0,0,0,0,0,0,0,0,0,0.08,0.07,0.01,0.045,0.035,0.03,0.015,0,0.035,0.035087719,0.035087719,0,0,0.035087719,0,0,0,0.035087719,4.545,4.17,48.27,27.37,1.506024817,2.197224577,2.079441542,0.693147181,1.704748092,1.504077397
13,13,6/12/19,7/3/19,4/8/16,38,App Only,1,90,100,80,90,90,90,mostly disagree,mostly agree,disagree,mostly agree,mostly disagree,mostly agree,mostly disagree,mostly disagree,4,as an infant,as a baby,as an infant,as an infant,probably true,definitely true,probably not true,definitely true,definitely true,definitely true,probably not true,probably not true,probably not true,definitely not true,probably not true,definitely not true,probably not true,definitely not true,probably not true,definitely not true,probably not true,definitely not true,63,1984,female,african american,some college,14,english,"50,001 to 75,000",62500,"50,000 to 74,999",biological mother,4/8/16,male,african american,yes,yes,yes,Both,90,very often,very often,often,sometimes,more than 60,0,90,90,95,95,100,94,mostly agree,mostly agree,mostly disagree,mostly agree,mostly disagree,agree,mostly disagree,mostly disagree,4,as an infant,as an infant,as an infant,as an infant,probably true,definitely true,probably not true,definitely true,definitely true,definitely true,probably not true,probably not true,probably not true,probably not true,probably not true,probably not true,probably not true,probably not true,probably true,probably not true,probably not true,definitely not true,59,english,no,0,2,6,5,5,16,51,100,41,96,59,103,66,101,NA,30,15,14,3,3,28,43,1,NA,0,63,63,5,5,112,306,0,43,1,2,23,36,35,2,2,46,82,1,31,0,93,93,5,5,141,469,0,45,1,3,29,59,53,2,3,63,147,0,26,0,136,134,5,6,212,736,0,55,1,4,50,0,0,0,1,0,0,0,1,0,0,0,0,0,0,1,0,0,0,0,5,1,0,0,0,63,0,0,0,63,0,0,0,0,0,0,0,0,0,0,0,0,0,1,0,0,0,0,0,0,0,0,0,0,19,4,1,0,14,0,0,1,4,0,0,0,1,0,0,0,1,0,0,1,0,0,0,1,2,2,0,0,0,94,0,1,0,93,0,0,0,1,0,0,0,0,0,0,0,0,0,0,0,0,0,0,0,1,0,0,0,0,42,3,4,0,35,0,0,6,9,1,0,3,0,0,0,0,3,0,0,1,0,1,6,6,3,7,2,0,0,134,0,2,0,132,0,3,1,4,0,0,0,2,0,0,0,0,0,0,0,1,1,0,0,4,1,0,0,0,72,0,3,0,69,3,0,3,1,2,1,1,0,1,1,1,0,0,1,0,1,0,0,8,0,8,2,6,5,1,1,1,1,0,1,0,1,1,0,0,0,23,1,22,11,12,15,1,3,4,11,3,8,1,10,8,1,0,2,288,0,0,14,7,0,0,0,3,0,0,4,0,0,1,2,3,118,3,0,5,1,1,0,1,0,0,0,0,0,0,0,2,0,34,1,33,14,20,21,3,4,6,13,4,9,1,12,9,2,0,2,0.047619048,0.047619048,0,0.015873016,0.031746032,0.015873016,0.015873016,0,0.015873016,0.071428571,0,0.071428571,0,0.071428571,0,0,0,0.071428571,0.086021505,0.086021505,0,0.021505376,0.064516129,0.053763441,0.010752688,0.010752688,0.010752688,0.028571429,0.028571429,0,0,0.028571429,0.028571429,0,0,0,0.174242424,0.166666667,0.007575758,0.083333333,0.090909091,0.113636364,0.03030303,0.022727273,0.007575758,0.15942029,0.115942029,0.043478261,0.014492754,0.144927536,0.115942029,0.028985507,0,0.014492754,0.118055556,0.114583333,0.003472222,0.048611111,0.069444444,0.072916667,0.020833333,0.013888889,0.010416667,0.110169492,0.076271186,0.033898305,0.008474576,0.101694915,0.076271186,0.016949153,0,0.016949153,5.472,4.962,56.47,39.33,2.486318083,2.549879105,2.522389743,0.298044859,1.768339195,2.072472872
14,14,6/11/19,7/2/19,7/19/15,46,App + Info,4,80,100,70,90,90,86,mostly disagree,disagree,strongly agree,disagree,mostly disagree,mostly disagree,mostly agree,agree,3,as a toddler,as a toddler,as a toddler,as a baby,probably not true,definitely true,probably not true,definitely true,definitely true,definitely true,probably not true,probably not true,definitely not true,probably not true,probably not true,definitely not true,definitely not true,definitely not true,probably not true,definitely not true,probably not true,probably not true,58,1982,female,white,master's degree,18,english,"50,001 to 75,000",62500,"75,000 to 99,999",biological mother,7/19/15,female,white,yes,yes,no,Both,20,very often,often,often,sometimes,more than 60,0,100,100,100,90,100,98,disagree,strongly disagree,strongly agree,strongly disagree,agree,disagree,agree,strongly agree,2,as a baby,as a toddler,as a baby,as an infant,definitely not true,definitely true,probably not true,definitely true,definitely true,definitely true,probably not true,definitely not true,definitely not true,definitely true,probably not true,definitely not true,definitely not true,definitely not true,definitely not true,definitely not true,probably not true,probably not true,62,english,yes,0,10,13,13,11,37,95,119,97,124,89,117,98,126,1,47,30,29,3,3,44,89,0,25,1,59,57,5,6,114,300,0,55,1,5,15,17,15,5,5,43,77,1,38,1,37,37,5,6,97,191,1,65,1,2,9,44,41,1,1,32,64,1,16,0,97,95,5,6,138,522,0,37,1,4,51,0,1,1,1,0,0,1,0,0,0,0,0,0,0,0,3,0,0,0,2,0,0,0,0,58,0,2,0,56,0,1,0,0,0,0,0,0,0,0,0,0,0,0,1,0,0,0,0,0,0,0,0,0,37,0,6,0,31,0,0,0,1,1,0,0,1,0,0,0,0,0,0,0,0,0,0,0,3,1,1,0,0,37,0,0,0,37,0,0,0,0,0,0,0,0,0,0,0,0,0,0,0,0,0,0,0,0,0,0,0,0,17,0,2,0,15,0,0,7,0,2,1,4,0,0,0,0,0,0,0,0,0,0,0,4,0,4,2,0,0,97,0,2,0,95,0,0,0,3,0,1,0,2,0,0,0,0,0,0,0,0,0,0,0,1,0,1,0,0,59,0,7,0,52,7,1,6,2,5,3,3,0,1,2,1,1,1,1,1,1,0,0,3,1,2,1,2,1,0,0,2,0,0,0,0,0,0,0,0,0,14,3,11,13,1,7,0,0,7,6,1,5,0,6,3,0,0,3,188,1,0,2,8,0,0,3,0,0,0,0,0,1,3,1,5,98,1,0,3,0,0,0,0,1,0,0,0,0,1,0,2,0,24,5,19,16,8,11,3,0,10,8,2,6,1,7,4,1,0,3,0.125,0.107142857,0.017857143,0.035714286,0.089285714,0.053571429,0.017857143,0,0.053571429,0.064516129,0.032258065,0.032258065,0.032258065,0.032258065,0.032258065,0,0,0.032258065,0.081081081,0.054054054,0.027027027,0.027027027,0.054054054,0.027027027,0.054054054,0,0,0,0,0,0,0,0,0,0,0,0.147368421,0.115789474,0.031578947,0.136842105,0.010526316,0.073684211,0.073684211,0,0,0.115384615,0.096153846,0.019230769,0,0.115384615,0.057692308,0.057692308,0,0,0.127659574,0.10106383,0.026595745,0.085106383,0.042553191,0.058510638,0.053191489,0,0.015957447,0.081632653,0.06122449,0.020408163,0.010204082,0.071428571,0.040816327,0.030612245,0,0.010204082,5.765,5.139,57.98,43.68,2.21520259,2.622198693,2.407519986,1.297346875,2.252410993,1.659240735
15,15,6/12/19,7/10/19,6/28/15,47,App Only,2,90,100,100,100,80,94,disagree,disagree,strongly agree,strongly disagree,strongly agree,strongly disagree,strongly agree,strongly agree,1,as a toddler,as a baby,as a baby,as a baby,definitely not true,definitely true,probably true,definitely true,definitely true,definitely true,definitely not true,definitely not true,definitely not true,definitely not true,probably not true,definitely not true,definitely not true,definitely not true,probably true,probably true,probably not true,probably not true,60,1988,female,white,bachelor's,16,english,"75,001 to 100,000",87500,"75,000 to 99,999",biological mother,6/28/15,female,white,yes,yes,no,My child uses the device on their own,30,very often,very often,sometimes,sometimes,more than 60,Birth,90,100,100,100,100,98,disagree,disagree,agree,disagree,agree,disagree,agree,agree,2,as a baby,as a baby,as a baby,as a baby,definitely not true,definitely true,probably true,definitely true,definitely true,definitely true,definitely not true,definitely not true,definitely not true,definitely not true,definitely not true,definitely not true,probably not true,definitely not true,probably true,probably not true,probably not true,definitely not true,63,english,yes,0,3,7,9,7,23,60,103,84,113,75,108,82,109,NA,98,19,17,2,2,15,44,0,NA,0,49,47,5,5,91,247,0,46,1,0,17,13,10,4,4,24,46,1,NA,1,21,20,4,4,52,82,1,49,1,0,9,51,48,3,3,73,168,0,39,0,95,92,4,4,129,366,0,49,1,1,41,0,1,1,1,0,0,1,1,0,0,0,0,0,0,0,0,0,2,7,5,3,0,0,0,51,0,4,0,47,0,0,0,1,0,0,0,1,0,0,0,0,0,0,0,0,0,1,0,5,2,0,0,0,27,0,10,0,17,0,0,2,0,0,0,1,0,0,0,0,0,0,0,1,0,0,0,0,0,1,0,0,0,23,1,2,0,20,0,0,0,1,0,0,0,1,0,0,0,0,0,0,0,0,0,0,0,0,1,0,0,0,17,0,7,0,10,0,0,1,0,0,0,0,0,0,0,0,0,0,0,2,0,0,0,0,0,0,0,0,0,96,0,6,0,90,0,0,0,0,0,0,0,0,0,0,0,0,0,1,0,1,0,0,0,0,0,0,0,0,53,1,11,0,41,5,1,4,2,3,3,0,0,2,2,0,2,0,2,1,0,0,1,4,0,4,4,0,2,1,0,1,2,0,2,0,2,1,0,0,1,3,0,3,3,0,1,2,0,0,2,1,1,0,2,0,2,0,0,157,1,0,1,4,0,0,0,3,0,0,0,0,0,0,1,2,68,0,0,2,0,1,0,1,0,0,0,0,0,0,0,2,0,12,1,11,9,3,6,3,0,3,6,1,5,0,6,2,2,0,2,0.106382979,0.085106383,0.021276596,0.042553191,0.063829787,0.063829787,0.042553191,0,0,0.117647059,0.117647059,0,0,0.117647059,0.058823529,0.058823529,0,0,0.2,0.2,0,0.2,0,0.1,0.05,0,0.05,0.2,0.2,0,0,0.2,0.1,0.1,0,0,0.033333333,0.033333333,0,0.033333333,0,0.011111111,0,0,0.022222222,0.048780488,0.024390244,0.024390244,0,0.048780488,0,0,0,0.048780488,0.076433121,0.070063694,0.006369427,0.057324841,0.01910828,0.038216561,0.01910828,0,0.01910828,0.088235294,0.073529412,0.014705882,0,0.088235294,0.029411765,0.029411765,0,0.029411765,4.491,4.101,61.73,21.94,2.284780468,2.156785854,2.080237403,0.49283028,1.906944181,1.068437586
16,16,6/25/19,7/18/19,9/21/15,45,App + Info,2,100,100,100,100,100,100,disagree,strongly disagree,strongly agree,strongly disagree,strongly disagree,strongly disagree,strongly agree,strongly agree,2,in preschool,in preschool,in preschool,as a baby,definitely not true,definitely true,probably not true,definitely true,definitely true,definitely true,probably not true,probably not true,definitely true,definitely not true,probably not true,probably not true,definitely not true,definitely not true,definitely not true,definitely not true,definitely not true,definitely not true,56,1979,female,white,associate's,14,english,"10,000 or less",5000,"0 to 49,999",biological mother,9/21/15,male,african american,yes,no,no,I use the device with my child,30,sometimes,often,often,often,21-40,new born,100,100,100,100,100,100,strongly disagree,strongly disagree,strongly agree,strongly disagree,strongly agree,strongly disagree,strongly agree,strongly agree,1,in preschool,in preschool,as a baby,as an infant,definitely not true,definitely true,definitely true,definitely true,definitely true,definitely true,probably not true,probably not true,probably true,probably not true,definitely true,probably not true,definitely true,probably not true,definitely true,definitely not true,definitely not true,definitely not true,48,english,no,0,3,5,4,2,11,32,93,32,90,32,88,37,91,0,13,45,42,3,3,52,135,0,26,1,105,103,4,4,121,460,0,37,1,0,37,45,44,4,4,59,172,0,25,1,112,109,5,5,151,555,0,42,1,2,36,49,45,2,2,40,91,0,15,0,92,91,4,5,129,421,0,37,1,3,47,0,0,1,2,0,0,0,2,0,0,0,1,1,0,0,0,0,0,3,4,1,2,0,0,107,0,4,0,103,0,0,0,0,0,0,0,0,0,0,0,0,0,1,0,0,0,0,0,2,0,0,0,0,46,0,5,0,41,0,4,4,4,0,0,2,0,0,1,0,0,0,0,0,0,0,0,1,4,1,0,0,0,112,0,3,0,109,0,0,0,2,0,0,0,0,0,0,0,0,0,0,0,0,0,0,1,3,1,0,0,0,49,0,5,0,44,1,2,2,2,0,1,1,0,3,1,1,2,0,0,0,0,9,1,0,0,2,3,0,0,92,0,1,0,91,0,0,0,2,0,0,0,1,0,0,0,3,0,0,0,1,0,8,0,0,1,1,0,0,55,0,6,0,49,7,1,6,2,5,3,1,1,2,1,1,0,0,1,0,1,0,0,15,5,10,6,9,12,0,1,2,2,0,2,0,2,2,0,0,0,16,8,8,8,8,7,0,7,2,7,0,7,0,7,2,1,3,1,303,6,1,8,7,0,1,0,0,2,3,3,1,1,0,2,3,134,0,0,4,0,1,0,1,0,0,0,3,0,0,0,1,0,38,14,24,16,22,22,1,9,6,10,1,9,0,10,4,2,3,1,0.067961165,0.058252427,0.009708738,0.019417476,0.048543689,0.029126214,0.019417476,0.009708738,0.009708738,0.024390244,0,0.024390244,0,0.024390244,0,0,0,0.024390244,0.137614679,0.091743119,0.04587156,0.055045872,0.082568807,0.110091743,0.018348624,0.009174312,0,0.045454545,0.045454545,0,0,0.045454545,0.045454545,0,0,0,0.175824176,0.087912088,0.087912088,0.087912088,0.087912088,0.076923077,0.021978022,0.076923077,0,0.142857143,0.142857143,0,0,0.142857143,0.040816327,0.020408163,0.06122449,0.020408163,0.125412541,0.079207921,0.04620462,0.052805281,0.072607261,0.072607261,0.01980198,0.02970297,0.00330033,0.074626866,0.067164179,0.007462687,0,0.074626866,0.029850746,0.007462687,0.02238806,0.014925373,4.822,4.432,46.46,39.32,2.135666684,2.605740887,2.188384741,1.726413875,1.837454062,2.111512486
17,17,6/12/19,7/10/19,6/23/16,35,App Only,2,90,100,100,75,90,91,mostly disagree,mostly disagree,mostly agree,mostly disagree,mostly agree,mostly disagree,mostly agree,agree,3,as a toddler,in preschool,as a toddler,as a toddler,probably not true,definitely true,probably true,definitely true,definitely true,definitely true,probably not true,definitely not true,probably not true,definitely not true,probably not true,definitely not true,definitely not true,probably true,probably true,definitely not true,probably not true,probably not true,53,1981,female,white,bachelor's,16,english,"75,001 to 100,000",87500,"75,000 to 99,999",biological mother,6/23/16,male,white,yes,yes,yes,Both,15,very often,often,never,seldom,more than 60,3 months ,90,95,95,95,95,94,mostly disagree,mostly disagree,disagree,disagree,disagree,disagree,agree,agree,3,as a toddler,in preschool,as a toddler,as a toddler,probably not true,definitely true,probably true,definitely true,definitely true,definitely true,probably not true,definitely not true,probably true,definitely not true,probably not true,probably not true,probably not true,definitely not true,probably not true,definitely not true,probably not true,probably not true,53,english,yes,0,4,10,5,6,21,80,110,41,96,69,107,77,106,NA,69,35,29,3,4,41,121,0,16,1,85,85,4,4,96,328,0,38,1,5,39,22,16,2,2,28,47,1,NA,0,66,65,4,4,89,240,0,47,1,2,22,54,49,2,2,55,121,0,31,1,127,124,5,5,127,589,0,27,1,3,67,0,0,0,1,2,0,1,0,0,0,0,0,0,0,1,0,0,0,5,2,0,0,1,0,85,0,0,0,85,0,0,1,0,0,0,0,2,0,0,0,0,0,0,0,2,0,0,0,3,1,0,1,0,36,0,7,0,29,0,1,0,0,1,0,0,0,0,0,0,0,0,0,0,0,0,0,0,2,0,0,0,0,67,0,2,0,65,0,0,0,0,0,0,0,0,0,0,0,0,0,0,0,0,0,0,0,0,0,0,0,0,28,1,12,0,15,0,1,3,0,0,1,1,0,0,0,0,0,0,0,0,0,3,1,18,4,2,2,0,0,129,0,5,0,124,0,0,0,1,0,0,0,1,0,0,0,0,0,0,0,0,0,0,0,13,1,0,0,0,58,0,14,0,44,5,2,3,4,1,1,1,0,3,5,0,5,1,4,1,2,0,2,2,2,0,1,1,1,0,0,1,0,0,0,0,0,0,0,0,0,6,2,4,4,2,4,0,0,2,2,0,2,0,2,1,0,0,1,274,2,0,1,3,0,0,0,1,0,0,0,0,1,3,0,2,88,0,0,1,1,0,0,2,0,0,0,0,0,0,0,3,0,13,6,7,9,4,6,1,0,6,7,0,7,1,6,2,2,0,3,0.058823529,0.035294118,0.023529412,0.047058824,0.011764706,0.011764706,0.035294118,0,0.011764706,0.172413793,0.172413793,0,0.034482759,0.137931034,0.034482759,0.068965517,0,0.068965517,0.030769231,0,0.030769231,0.015384615,0.015384615,0.015384615,0.015384615,0,0,0,0,0,0,0,0,0,0,0,0.048387097,0.032258065,0.016129032,0.032258065,0.016129032,0.032258065,0.016129032,0,0,0.045454545,0.045454545,0,0,0.045454545,0.022727273,0.022727273,0,0,0.047445255,0.025547445,0.02189781,0.032846715,0.01459854,0.02189781,0.02189781,0,0.003649635,0.079545455,0.079545455,0,0.011363636,0.068181818,0.022727273,0.034090909,0,0.022727273,4.442,4.069,43.21,25.02,2.192161275,1.748247323,1.268283197,1.159952269,1.455043894,0.900102005
18,18,6/12/19,7/3/19,10/20/15,43,App + Info,4,100,80,100,60,80,84,strongly disagree,strongly disagree,agree,disagree,mostly agree,disagree,agree,agree,2,as a toddler,in elementary,as a baby,as an infant,definitely not true,probably true,probably true,probably true,definitely true,probably true,probably not true,definitely not true,probably true,definitely not true,probably true,probably not true,probably true,definitely not true,probably true,probably not true,probably not true,probably true,47,1982,female,african american,bachelor's,16,english,"75,001 to 100,000",87500,"75,000 to 99,999",biological mother,10/20/15,male,african american,yes,no,no,My child uses the device on their own,15,sometimes,seldom,never,often,21-40,7 months ,60,100,70,100,90,84,mostly agree,disagree,agree,strongly disagree,mostly agree,disagree,mostly agree,mostly agree,3,as a toddler,in kindergarten,as a baby,as an infant,probably true,probably true,probably not true,probably true,definitely true,probably true,probably not true,definitely not true,probably true,definitely not true,probably true,definitely not true,probably true,probably not true,probably true,probably not true,probably true,probably not true,47,english,yes,0,4,6,8,1,15,51,100,77,110,15,82,60,98,0,14,36,28,3,3,41,90,0,21,0,74,70,4,4,83,317,0,28,1,2,32,51,43,2,2,37,124,0,14,0,57,53,4,4,93,232,0,46,1,2,21,27,24,3,3,53,78,1,55,1,106,102,4,4,120,411,0,40,1,5,48,0,0,0,0,0,0,0,0,0,0,0,0,0,0,2,0,0,1,0,0,0,0,0,0,77,0,7,0,70,0,0,0,0,0,0,0,0,0,0,0,0,0,0,0,0,0,0,0,1,0,0,0,0,43,0,15,0,28,0,1,0,1,0,1,0,0,0,0,1,0,0,0,0,0,0,0,0,0,0,0,0,0,59,0,6,0,53,0,0,0,0,0,0,0,0,0,0,0,0,0,0,0,0,0,0,0,0,0,0,0,0,54,1,10,0,43,0,0,2,1,0,0,0,0,1,0,0,0,0,0,0,0,2,0,4,0,1,11,0,0,108,0,6,0,102,0,0,0,0,0,1,0,0,0,0,0,0,0,0,0,0,0,1,0,2,0,8,0,0,58,1,8,0,49,2,0,2,2,0,0,2,0,0,0,0,0,0,0,0,0,0,0,4,2,2,1,3,2,0,1,1,0,0,0,0,0,0,0,0,0,4,1,3,3,1,3,0,1,0,1,1,0,0,1,0,0,0,1,225,1,0,2,2,0,0,0,2,0,1,0,1,1,0,0,0,120,0,0,0,0,0,0,0,0,0,0,0,0,1,0,0,0,10,3,7,6,4,5,2,2,1,1,1,0,0,1,0,0,0,1,0.028571429,0.028571429,0,0.028571429,0,0,0,0,0.028571429,0,0,0,0,0,0,0,0,0,0.075471698,0.037735849,0.037735849,0.018867925,0.056603774,0.037735849,0.018867925,0.018867925,0,0,0,0,0,0,0,0,0,0,0.039215686,0.029411765,0.009803922,0.029411765,0.009803922,0.029411765,0,0.009803922,0,0.020408163,0,0.020408163,0,0.020408163,0,0.020408163,0,0,0.044444444,0.031111111,0.013333333,0.026666667,0.017777778,0.022222222,0.004444444,0.008888889,0.008888889,0.008333333,0,0.008333333,0,0.008333333,0,0.008333333,0,0,4.347,3.902,46.23,31.55,0.606135804,1.694595721,1.413693335,0.84729786,1.299282984,1.021651248
19,20,6/17/19,7/8/19,8/6/15,46,App + Info,1,70,100,100,100,100,94,disagree,disagree,agree,disagree,agree,disagree,agree,agree,2,as an infant,as a baby,as an infant,as an infant,probably not true,definitely true,definitely not true,definitely true,definitely true,definitely true,definitely not true,definitely not true,definitely not true,definitely not true,definitely not true,definitely not true,definitely not true,definitely not true,definitely not true,definitely not true,probably not true,definitely not true,71,1983,female,white,master's degree,18,english,"75,001 to 100,000",87500,"75,000 to 99,999",biological mother,8/6/15,male,white,yes,yes,no,Both,45,very often,often,sometimes,sometimes,more than 60,1 week old,90,100,100,100,100,98,mostly agree,mostly disagree,mostly agree,mostly disagree,mostly agree,mostly disagree,mostly agree,mostly agree,3,as an infant,as an infant,as an infant,as an infant,probably true,definitely true,definitely not true,definitely true,definitely true,definitely true,definitely not true,definitely not true,definitely not true,definitely not true,definitely not true,definitely not true,definitely not true,definitely not true,definitely not true,definitely not true,probably true,definitely not true,70,english,yes,5,10,6,9,10,25,51,100,84,113,85,115,84,111,2,80,35,24,3,3,40,92,0,24,0,85,85,5,6,132,462,0,50,1,7,40,57,50,4,4,77,226,0,38,1,97,97,5,5,136,474,0,51,1,1,38,28,22,2,2,41,75,1,28,0,63,62,5,6,106,339,0,30,1,0,31,0,0,2,4,4,0,1,2,0,0,3,0,0,0,1,1,0,0,2,0,3,3,0,0,85,0,0,0,85,0,0,1,2,0,0,0,0,0,0,0,2,0,0,1,0,0,0,0,0,0,5,0,0,39,1,15,0,23,0,1,4,0,1,3,0,2,0,0,0,0,0,0,2,0,1,0,3,2,2,0,0,0,97,0,0,0,97,0,1,0,2,0,1,0,0,0,1,0,0,0,0,0,0,0,1,0,1,0,1,0,0,58,0,8,0,50,0,0,7,2,1,0,1,1,0,0,0,0,0,0,0,0,0,0,6,0,4,0,0,0,63,0,1,0,62,0,0,0,7,0,0,0,0,0,0,0,0,0,0,0,0,0,0,1,0,1,0,0,0,28,0,4,0,24,18,4,14,11,7,6,2,3,7,6,0,6,2,4,3,1,2,0,13,5,8,7,6,5,2,0,6,5,3,2,0,5,3,0,1,1,12,1,11,9,3,9,0,0,3,7,0,7,0,7,7,0,0,0,244,1,0,6,13,0,0,1,3,0,0,0,3,3,6,5,2,97,1,0,11,1,0,0,0,1,1,0,2,0,1,0,0,0,43,10,33,27,16,20,4,3,16,18,3,15,2,16,13,1,3,1,0.211764706,0.164705882,0.047058824,0.129411765,0.082352941,0.070588235,0.082352941,0.035294118,0.023529412,0.260869565,0.260869565,0,0.086956522,0.173913043,0.130434783,0,0.086956522,0.043478261,0.134020619,0.082474227,0.051546392,0.072164948,0.06185567,0.051546392,0.06185567,0,0.020618557,0.1,0.04,0.06,0,0.1,0.06,0.02,0.02,0,0.193548387,0.177419355,0.016129032,0.14516129,0.048387097,0.14516129,0.048387097,0,0,0.291666667,0.291666667,0,0,0.291666667,0.291666667,0,0,0,0.176229508,0.135245902,0.040983607,0.110655738,0.06557377,0.081967213,0.06557377,0.012295082,0.016393443,0.18556701,0.154639175,0.030927835,0.020618557,0.164948454,0.134020619,0.010309278,0.030927835,0.010309278,5.639,4.98,52.03,55.29,2.973317991,2.924394735,2.675843086,1.628919048,2.490356255,2.022524179
20,21,6/13/19,7/9/19,1/8/16,41,App Only,4,15,100,100,100,85,80,disagree,disagree,agree,disagree,agree,disagree,agree,agree,2,as a toddler,as a toddler,as a toddler,as a baby,definitely not true,definitely true,definitely true,definitely true,definitely true,definitely true,probably true,probably not true,definitely true,definitely not true,definitely true,definitely not true,probably not true,definitely not true,probably true,probably true,probably true,probably true,46,1985,female,white,H.S.,12,english,"50,001 to 75,000",62500,"0 to 49,999",biological mother,1/8/16,male,white,yes,yes,no,Both,60,sometimes,often,seldom,seldom,21-40,6 months,70,100,100,100,100,94,mostly disagree,mostly disagree,strongly agree,disagree,disagree,disagree,agree,agree,3,as a baby,as a baby,as a baby,as a baby,probably not true,definitely true,definitely true,definitely true,definitely true,definitely true,probably true,probably not true,definitely true,definitely not true,definitely true,definitely not true,probably true,definitely not true,probably true,probably true,probably true,probably true,47,english,no,0,0,5,6,4,15,32,93,62,101,52,100,62,99,NA,128,18,10,2,2,22,36,1,NA,0,96,90,4,5,124,460,0,52,1,4,25,16,15,2,2,27,43,1,NA,0,87,86,3,4,105,302,0,43,1,1,23,74,66,3,4,89,244,0,49,1,105,103,4,4,124,409,0,38,1,2,52,0,0,2,3,1,0,0,0,0,0,0,0,0,0,0,0,0,0,1,3,1,0,0,0,97,0,7,0,90,0,0,3,0,0,1,0,0,0,0,0,0,0,0,0,0,0,0,0,1,0,0,0,0,20,0,12,0,8,0,0,0,0,2,0,1,0,0,0,0,0,0,0,0,0,0,0,3,2,1,1,0,0,88,0,2,0,86,0,0,1,0,0,2,0,1,0,0,0,0,0,0,0,0,0,0,0,3,1,0,0,0,18,1,2,0,15,0,0,0,1,0,1,0,0,1,0,0,0,0,0,0,0,0,0,1,1,0,0,0,0,106,0,3,0,103,0,0,0,0,0,1,0,0,0,0,0,0,0,0,0,0,0,0,1,0,0,0,0,0,28,0,9,0,19,6,1,5,3,3,5,0,0,1,4,1,3,3,1,3,0,0,1,3,2,1,3,0,0,0,0,3,4,2,2,1,3,1,0,0,3,3,2,1,1,2,1,0,1,1,1,1,0,0,1,0,0,0,1,279,0,0,4,2,0,0,0,0,0,1,0,0,1,3,0,1,42,0,0,0,4,0,0,0,0,0,0,0,0,4,0,1,0,12,5,7,7,5,6,0,1,5,9,4,5,4,5,4,0,0,5,0.066666667,0.055555556,0.011111111,0.033333333,0.033333333,0.055555556,0.011111111,0,0,0.5,0.375,0.125,0.375,0.125,0.375,0.125,0,0,0.034883721,0.011627907,0.023255814,0.034883721,0,0,0.034883721,0,0,0.266666667,0.133333333,0.133333333,0.066666667,0.2,0.066666667,0.2,0,0,0.029126214,0.009708738,0.019417476,0.009708738,0.019417476,0.009708738,0.009708738,0.009708738,0,0.052631579,0,0.052631579,0,0.052631579,0,0.052631579,0,0,0.043010753,0.025089606,0.017921147,0.025089606,0.017921147,0.021505376,0.017921147,0.003584229,0,0.214285714,0.119047619,0.095238095,0.095238095,0.119047619,0.095238095,0.119047619,0,0,4.319,3.875,52.77,37.91,3.110335656,1.667909681,1.255319861,1.026799264,1.255319861,1.026799264
21,22,6/12/19,7/1/19,6/26/15,47,App + Info,3,60,100,80,80,100,84,disagree,strongly agree,strongly agree,disagree,agree,disagree,agree,agree,2,in preschool,in kindergarten,in preschool,in preschool,probably not true,probably true,probably true,probably true,definitely true,probably true,probably not true,probably not true,probably not true,definitely not true,probably not true,probably not true,probably not true,probably not true,probably not true,probably not true,definitely not true,probably true,44,1987,male,hispanic/latino,bachelor's,16,english,"75,001 to 100,000",87500,"75,000 to 99,999",biological father,6/26/15,male,mixed,yes,yes,yes,Both,30,often,often,sometimes,sometimes,more than 60,6 months to 1 year,40,100,90,60,100,78,disagree,disagree,agree,disagree,strongly agree,mostly disagree,agree,agree,2,in preschool,in kindergarten,as a toddler,in preschool,definitely not true,probably true,probably true,probably true,probably true,probably true,definitely not true,probably not true,probably not true,definitely not true,probably not true,definitely not true,probably true,probably not true,probably not true,probably not true,probably not true,probably true,45,"mostly english, but some spanish",no,23,2,7,9,6,22,60,103,84,113,69,107,82,109,4,47,53,44,3,4,72,193,0,27,1,54,53,5,6,88,295,0,40,1,2,24,47,41,3,3,59,150,0,24,1,82,81,5,5,114,420,0,35,1,6,25,57,55,5,6,96,300,0,28,1,74,74,7,8,150,566,0,46,1,9,48,1,1,2,3,0,0,0,0,0,0,0,0,0,0,1,0,0,0,0,0,1,10,0,0,57,0,2,0,55,0,1,1,1,0,1,0,0,0,0,0,0,0,0,0,0,0,0,0,0,0,9,0,0,61,0,18,0,43,0,2,0,2,0,0,0,0,0,0,0,0,0,0,3,0,0,0,1,3,1,20,0,0,84,0,2,0,82,0,0,0,0,0,0,0,1,0,0,0,0,0,0,0,1,0,0,3,3,0,14,1,0,57,0,17,0,40,0,0,2,2,2,2,0,1,0,0,1,0,1,1,4,0,0,1,2,0,2,9,0,0,74,0,0,0,74,0,0,1,0,0,2,0,0,0,0,0,1,0,3,0,1,0,1,0,4,0,2,0,0,78,0,12,0,66,8,2,6,4,4,7,1,0,0,4,2,2,1,3,3,0,0,1,7,2,5,3,4,4,3,0,0,2,0,2,0,2,0,1,0,1,16,6,10,10,6,4,6,1,5,8,5,3,1,7,1,4,1,2,211,3,1,7,4,1,1,0,8,0,0,0,1,2,2,1,0,149,1,0,1,2,3,0,2,0,0,0,1,0,3,0,1,0,31,10,21,17,14,15,10,1,5,14,7,7,2,12,4,5,1,4,0.145454545,0.109090909,0.036363636,0.072727273,0.072727273,0.127272727,0,0,0.018181818,0.093023256,0.046511628,0.046511628,0.023255814,0.069767442,0.069767442,0.023255814,0,0,0.085365854,0.06097561,0.024390244,0.036585366,0.048780488,0.048780488,0,0,0.036585366,0.05,0.05,0,0,0.05,0,0.025,0,0.025,0.216216216,0.135135135,0.081081081,0.135135135,0.081081081,0.054054054,0.067567568,0.013513514,0.081081081,0.121212121,0.045454545,0.075757576,0.015151515,0.106060606,0.015151515,0.03030303,0.015151515,0.060606061,0.146919431,0.099526066,0.047393365,0.08056872,0.066350711,0.071090047,0.023696682,0.004739336,0.047393365,0.093959732,0.046979866,0.046979866,0.013422819,0.080536913,0.026845638,0.026845638,0.006711409,0.033557047,6.572,5.731,48.17,46.59,2.341418534,2.753147404,2.393577477,1.74734361,2.203523811,2.03275225
22,23,6/13/19,7/3/19,7/9/15,47,App Only,2,100,100,50,70,70,78,strongly disagree,strongly disagree,strongly agree,strongly disagree,strongly agree,strongly disagree,strongly agree,strongly agree,1,as a baby,as a toddler,as a toddler,as an infant,definitely not true,definitely true,definitely true,definitely true,definitely true,definitely true,probably true,probably not true,probably not true,probably not true,probably true,definitely not true,probably not true,probably not true,probably true,probably true,probably not true,probably true,50,NA,female,african american,some college,14,english,"50,001 to 75,000",62500,"0 to 49,999",biological mother,7/9/15,female,african american,yes,yes,yes,My child uses the device on their own,30,often,never,often,often,41-60,6 months,80,90,75,45,85,75,strongly disagree,strongly disagree,strongly agree,strongly disagree,strongly agree,strongly disagree,strongly agree,strongly agree,1,as a baby,in preschool,as an infant,as an infant,probably not true,definitely true,definitely true,definitely true,definitely true,definitely true,probably not true,probably not true,probably not true,definitely not true,probably true,definitely not true,probably not true,definitely not true,definitely true,definitely true,probably not true,probably true,51,english,yes,0,7,5,4,3,12,32,93,32,90,43,94,47,94,NA,20,42,38,3,4,63,153,0,30,1,40,40,6,7,90,255,0,42,1,5,8,58,55,4,4,76,233,0,29,1,47,47,4,5,77,204,0,38,1,8,11,24,19,1,1,15,31,0,NA,0,84,83,6,6,132,478,0,35,1,1,44,0,1,1,2,0,1,0,0,0,0,0,1,0,0,0,0,0,0,0,0,1,0,0,0,41,0,1,0,40,0,0,0,1,0,0,0,0,0,0,0,0,0,0,0,0,0,0,0,0,0,0,0,0,44,0,7,0,37,0,0,1,0,0,1,0,0,0,0,0,0,0,0,0,0,0,0,0,0,0,0,0,0,48,0,1,0,47,0,4,0,1,0,0,0,0,0,0,0,0,0,0,0,0,0,0,0,0,0,0,0,0,59,0,5,0,54,3,2,3,3,0,0,1,0,0,0,0,1,0,0,0,0,0,0,1,0,2,0,0,0,85,0,1,0,84,0,1,0,1,0,0,0,1,0,0,0,2,0,0,0,0,0,0,0,1,2,0,0,0,56,0,2,0,54,6,2,4,1,5,4,0,1,1,1,0,1,0,1,1,0,0,0,2,1,1,1,1,1,0,0,1,5,4,1,0,5,5,0,0,0,13,5,8,7,6,11,0,1,1,5,1,4,0,5,2,0,2,1,171,3,3,5,5,0,0,0,0,0,0,2,0,2,0,0,1,145,5,0,3,0,0,0,0,0,0,0,2,0,0,0,1,0,21,8,13,9,12,16,0,2,3,11,5,6,0,11,8,0,2,1,0.15,0.1,0.05,0.025,0.125,0.1,0.025,0.025,0,0.027027027,0.027027027,0,0,0.027027027,0.027027027,0,0,0,0.042553191,0.021276596,0.021276596,0.021276596,0.021276596,0.021276596,0.021276596,0,0,0.092592593,0.018518519,0.074074074,0,0.092592593,0.092592593,0,0,0,0.154761905,0.095238095,0.05952381,0.083333333,0.071428571,0.130952381,0.011904762,0.011904762,0,0.092592593,0.074074074,0.018518519,0,0.092592593,0.037037037,0.018518519,0.037037037,0,0.122807018,0.076023392,0.046783626,0.052631579,0.070175439,0.093567251,0.01754386,0.011695906,0,0.075862069,0.04137931,0.034482759,0,0.075862069,0.055172414,0.006896552,0.013793103,0,5.901,5.281,49.86,36.17,2.150157066,2.586311986,2.152034164,1.736662912,1.834684514,2.081632123
23,24,6/13/19,7/2/19,4/6/16,38,App + Info,4,50,80,50,80,80,68,strongly disagree,strongly disagree,strongly disagree,strongly disagree,strongly disagree,strongly disagree,strongly disagree,strongly agree,3,as a toddler,in preschool,as a toddler,as a toddler,definitely not true,definitely true,definitely true,definitely true,definitely true,definitely true,definitely true,definitely not true,definitely true,definitely not true,probably not true,probably not true,definitely not true,probably not true,probably true,probably true,probably not true,probably true,46,1994,female,african american,associate's,14,english,"10,001 to 20,000",15000,"0 to 49,999",biological mother,4/6/16,male,african american,yes,yes,no,,10,never,seldom,never,seldom,20-Jan,1,80,60,30,50,60,56,strongly disagree,strongly disagree,strongly agree,strongly disagree,strongly agree,strongly disagree,strongly agree,strongly agree,1,in preschool,in preschool,as a toddler,as a toddler,definitely not true,definitely true,definitely true,definitely true,definitely true,definitely true,probably not true,probably not true,probably not true,definitely not true,probably not true,probably not true,definitely true,definitely true,probably not true,probably true,probably not true,probably true,44,english,yes,0,0,NA,NA,NA,NA,NA,NA,NA,NA,NA,NA,NA,NA,0,18,27,23,2,2,22,46,0,NA,0,77,76,4,5,80,334,0,28,1,4,30,33,28,1,1,20,42,0,NA,0,79,79,4,4,87,328,0,30,1,2,28,44,39,2,2,44,91,0,19,0,65,65,4,5,73,296,0,28,1,0,45,0,1,1,0,0,0,0,0,0,0,1,0,0,0,0,0,0,0,2,0,0,0,0,0,78,0,2,0,76,0,0,0,0,0,0,0,0,0,0,0,0,0,0,0,0,0,0,0,0,0,0,0,0,38,0,15,0,23,1,2,0,0,0,0,0,0,0,0,0,0,0,0,0,0,0,0,2,2,0,0,0,0,79,0,0,0,79,0,0,0,0,0,0,0,0,0,0,0,0,0,0,0,0,0,0,0,1,0,1,0,0,41,1,12,0,28,0,1,0,1,0,0,0,0,0,0,0,0,0,0,0,0,0,0,3,0,0,6,0,0,65,0,0,0,65,0,0,0,0,0,0,0,0,0,0,0,0,0,0,0,0,0,0,0,0,0,0,0,0,44,0,25,0,19,3,1,2,2,1,2,0,1,0,0,0,0,0,0,0,0,0,0,3,3,0,1,2,3,0,0,0,0,0,0,0,0,0,0,0,0,2,1,1,0,2,2,0,0,0,0,0,0,0,0,0,0,0,0,220,4,1,1,1,0,0,0,0,0,0,0,1,0,0,0,0,70,0,0,0,0,0,0,0,0,0,0,0,0,0,0,0,0,8,5,3,3,5,7,0,1,0,0,0,0,0,0,0,0,0,0,0.039473684,0.026315789,0.013157895,0.026315789,0.013157895,0.026315789,0,0.013157895,0,0,0,0,0,0,0,0,0,0,0.037974684,0,0.037974684,0.012658228,0.025316456,0.037974684,0,0,0,0,0,0,0,0,0,0,0,0,0.030769231,0.015384615,0.015384615,0,0.030769231,0.030769231,0,0,0,0,0,0,0,0,0,0,0,0,0.036363636,0.013636364,0.022727273,0.013636364,0.022727273,0.031818182,0,0.004545455,0,0,0,0,0,0,0,0,0,0,4.573,4.15,36.88,14.2,0,1.53393036,0.860201265,1.185623666,0.860201265,1.185623666
24,25,6/14/19,7/16/19,6/9/16,36,App Only,3,80,100,100,100,100,96,strongly disagree,strongly disagree,strongly agree,strongly disagree,strongly agree,strongly disagree,strongly agree,strongly agree,1,as a toddler,as a toddler,as an infant,as an infant,definitely not true,definitely true,probably true,definitely true,definitely true,probably true,probably not true,probably not true,definitely true,probably not true,definitely true,probably not true,probably true,definitely not true,probably not true,probably true,definitely not true,probably true,50,1992,female,white,some college,14,english,"40,0001 to 50,000",45000,"0 to 49,999",biological mother,6/9/16,female,mixed,yes,yes,no,I use the device with my child,30,very often,sometimes,seldom,seldom,41-60,3 months old,100,100,100,100,100,100,strongly disagree,strongly disagree,strongly agree,strongly disagree,strongly agree,strongly disagree,strongly agree,strongly agree,1,as a baby,as a toddler,as an infant,as an infant,definitely not true,definitely true,probably true,definitely true,definitely true,probably true,probably not true,probably not true,definitely true,probably not true,definitely true,probably not true,definitely true,probably not true,probably not true,probably not true,probably not true,probably true,49,"english, creole",no,0,5,6,5,2,13,51,100,41,96,32,88,56,96,NA,28,58,52,2,2,61,133,0,29,0,65,65,4,4,91,239,0,47,1,3,23,44,43,3,3,59,129,0,32,0,66,65,4,4,89,259,0,45,1,3,21,38,37,2,2,26,72,0,8,0,85,84,4,4,106,327,0,36,1,2,28,0,1,0,2,0,2,0,0,0,0,0,0,0,0,0,0,0,0,0,1,0,0,0,0,66,0,1,0,65,0,1,1,0,0,0,0,0,0,0,0,0,0,0,0,0,0,0,0,0,0,0,0,0,63,0,12,0,51,0,1,2,1,0,1,0,1,0,0,0,1,0,0,0,0,0,0,0,1,2,0,0,0,67,0,2,0,65,0,0,1,3,1,0,0,0,0,0,1,0,0,0,0,0,0,0,0,0,1,0,0,0,47,0,4,0,43,0,1,0,1,0,0,1,0,1,0,0,0,0,0,0,0,0,0,1,1,1,0,0,0,86,0,3,0,83,0,0,1,0,0,0,0,1,0,1,0,0,0,0,0,0,0,0,0,1,1,0,0,0,46,0,7,0,39,5,3,2,0,5,3,0,0,2,2,1,1,1,1,2,0,0,0,7,2,5,2,5,4,0,1,2,6,1,5,3,3,4,0,1,1,4,2,2,2,2,2,0,1,1,3,1,2,1,2,1,0,1,1,213,3,0,4,2,0,0,0,0,0,1,1,0,3,0,1,1,133,1,0,3,3,0,0,0,0,1,0,0,1,0,1,1,0,16,7,9,4,12,9,0,2,5,11,3,8,5,6,7,0,2,2,0.076923077,0.030769231,0.046153846,0,0.076923077,0.046153846,0.030769231,0,0,0.039215686,0.019607843,0.019607843,0.019607843,0.019607843,0.039215686,0,0,0,0.107692308,0.076923077,0.030769231,0.030769231,0.076923077,0.061538462,0.030769231,0.015384615,0,0.139534884,0.11627907,0.023255814,0.069767442,0.069767442,0.093023256,0.023255814,0.023255814,0,0.048192771,0.024096386,0.024096386,0.024096386,0.024096386,0.024096386,0.012048193,0.012048193,0,0.076923077,0.051282051,0.025641026,0.025641026,0.051282051,0.025641026,0.025641026,0.025641026,0,0.075117371,0.042253521,0.03286385,0.018779343,0.056338028,0.042253521,0.023474178,0.009389671,0,0.082706767,0.060150376,0.022556391,0.037593985,0.045112782,0.052631579,0.015037594,0.015037594,0,4.089,3.701,52.31,35.13,2.226856375,2.141446045,1.653522186,1.455443715,1.05707277,1.892178217
25,26,6/14/19,7/3/19,11/30/15,42,App + Info,4,100,100,100,100,100,100,strongly disagree,strongly disagree,strongly disagree,strongly disagree,agree,disagree,agree,agree,2,as a baby,in kindergarten,as a baby,as a baby,probably not true,definitely true,probably not true,definitely true,definitely true,definitely true,definitely not true,definitely not true,definitely not true,definitely not true,definitely not true,definitely not true,definitely not true,definitely not true,definitely not true,probably not true,probably not true,definitely not true,63,1983,female,white,master's degree,18,,"50,001 to 75,000",62500,"50,000 to 74,999",biological mother,11/30/15,female,white,no,yes,no,Both,30,very often,sometimes,seldom,seldom,more than 60,3 months,100,100,100,90,100,98,disagree,disagree,agree,disagree,agree,disagree,agree,agree,2,as a baby,in preschool,as a baby,as a baby,probably not true,definitely true,probably not true,definitely true,definitely true,definitely true,definitely not true,definitely not true,definitely not true,definitely not true,definitely not true,definitely not true,definitely not true,definitely not true,definitely not true,probably true,probably not true,probably not true,62,english,yes,0,0,5,5,3,13,32,93,41,96,43,94,56,96,9,42,31,24,2,2,32,77,0,16,0,79,78,4,4,102,322,0,47,1,1,26,36,32,2,3,38,89,0,14,0,84,84,4,5,127,372,0,48,1,0,46,64,63,4,4,92,250,0,33,1,70,70,5,5,115,324,0,43,1,2,36,1,0,0,0,1,1,0,0,0,0,0,0,0,0,0,0,0,0,2,4,0,6,0,0,80,0,2,0,78,0,0,0,0,0,1,0,0,0,0,0,0,0,0,0,0,0,0,0,2,0,0,0,0,33,0,10,0,23,0,0,2,0,0,0,0,1,0,0,0,0,0,0,2,0,0,0,7,1,2,0,0,0,88,0,3,0,85,0,0,0,2,0,0,0,0,0,0,0,0,0,0,0,0,0,0,0,3,1,1,0,0,40,1,7,0,32,0,0,6,1,0,0,2,0,0,0,1,1,0,0,0,0,0,0,2,0,3,2,1,0,70,0,0,0,70,0,0,0,1,0,1,0,2,0,0,0,0,0,0,0,0,0,0,0,2,1,1,1,0,42,0,5,0,37,3,3,0,2,1,1,0,0,2,1,1,0,0,1,0,0,0,1,5,0,5,4,1,2,2,0,1,2,0,2,0,2,2,0,0,0,11,0,11,9,2,7,0,2,2,4,1,3,0,4,1,0,0,3,233,0,1,1,8,0,0,0,2,0,0,1,1,1,1,1,2,92,0,0,3,0,0,0,0,0,0,0,0,0,2,0,2,0,19,3,16,15,4,10,2,2,5,7,2,5,0,7,3,0,0,4,0.038461538,0,0.038461538,0.025641026,0.012820513,0.012820513,0.025641026,0,0,0.043478261,0,0.043478261,0,0.043478261,0,0.043478261,0,0,0.058823529,0.058823529,0,0.047058824,0.011764706,0.023529412,0.011764706,0,0.023529412,0.0625,0.0625,0,0,0.0625,0.0625,0,0,0,0.157142857,0.157142857,0,0.128571429,0.028571429,0.1,0.028571429,0.028571429,0,0.108108108,0.081081081,0.027027027,0,0.108108108,0.027027027,0.081081081,0,0,0.081545064,0.068669528,0.012875536,0.064377682,0.017167382,0.042918455,0.021459227,0.008583691,0.008583691,0.076086957,0.054347826,0.02173913,0,0.076086957,0.032608696,0.043478261,0,0,4.668,4.224,51.08,21.25,2.152772815,2.214246265,2.062670794,0.827482971,2.006570836,0.999431969
26,27,6/14/19,7/9/19,8/6/15,46,App Only,1,100,100,100,100,100,100,strongly disagree,strongly disagree,strongly agree,strongly disagree,strongly agree,strongly disagree,strongly agree,strongly agree,1,as a toddler,in preschool,as a toddler,as a baby,definitely not true,definitely true,definitely true,definitely true,definitely true,definitely true,definitely not true,definitely not true,probably not true,definitely not true,definitely not true,definitely not true,probably not true,definitely not true,definitely not true,definitely not true,definitely not true,definitely not true,61,1988,female,white,bachelor's,16,english,"50,001 to 75,000",62500,"50,000 to 74,999",biological mother,8/6/15,female,white,yes,yes,no,I use the device with my child,30,very often,very often,often,very often,more than 60,3 months,100,100,100,100,100,100,strongly disagree,strongly disagree,strongly agree,strongly disagree,strongly agree,strongly disagree,strongly agree,strongly agree,1,as a toddler,in preschool,as a toddler,as a toddler,definitely not true,definitely true,definitely not true,definitely true,definitely true,definitely true,definitely not true,definitely not true,definitely not true,definitely not true,definitely not true,definitely not true,definitely not true,definitely not true,definitely not true,definitely not true,definitely not true,definitely not true,65,english,no,52,10,13,11,12,36,95,119,94,120,91,120,97,125,NA,28,21,20,3,4,49,80,1,40,1,33,33,4,5,56,140,0,27,1,1,14,28,28,4,4,36,108,0,13,1,28,26,4,5,56,117,0,33,1,4,7,55,55,2,2,44,85,1,24,0,88,88,5,5,111,419,0,26,1,1,56,0,0,2,0,0,0,0,0,0,0,0,0,0,0,1,0,0,0,0,0,0,0,0,0,34,0,0,0,34,0,0,0,2,0,1,0,0,0,0,0,1,0,0,0,0,0,0,0,0,0,1,0,0,22,1,1,0,20,0,0,0,0,0,1,0,0,0,0,0,0,0,0,0,0,0,0,0,0,0,8,0,0,28,0,2,0,26,0,0,0,0,0,0,0,0,0,0,0,0,0,0,0,0,0,0,0,0,0,12,0,0,28,0,0,0,28,2,1,7,1,1,0,0,1,0,0,0,0,0,0,0,0,0,0,7,1,2,2,1,0,88,0,0,0,88,0,2,0,5,0,1,0,1,0,0,0,0,0,0,0,0,0,0,0,8,3,5,0,0,64,0,1,0,63,3,0,3,3,0,2,1,0,0,4,1,3,0,4,2,0,1,1,1,1,0,0,1,0,0,0,1,0,0,0,0,0,0,0,0,0,13,4,9,10,3,11,0,0,2,9,3,6,0,9,7,0,0,2,148,1,2,1,9,0,0,0,1,0,0,0,0,1,1,1,0,111,2,0,7,0,0,0,0,0,0,0,1,0,2,0,1,0,17,5,12,13,4,13,1,0,3,13,4,9,0,13,9,0,1,3,0.088235294,0.088235294,0,0.088235294,0,0.058823529,0,0,0.029411765,0.2,0.15,0.05,0,0.2,0.1,0.05,0.05,0,0.038461538,0,0.038461538,0,0.038461538,0,0.038461538,0,0,0,0,0,0,0,0,0,0,0,0.147727273,0.102272727,0.045454545,0.113636364,0.034090909,0.125,0.022727273,0,0,0.142857143,0.095238095,0.047619048,0,0.142857143,0.111111111,0.031746032,0,0,0.114864865,0.081081081,0.033783784,0.087837838,0.027027027,0.087837838,0.02027027,0,0.006756757,0.117117117,0.081081081,0.036036036,0,0.117117117,0.081081081,0.027027027,0.009009009,0,5,4.442,35.49,44.54,2.542523751,2.524646978,2.209165018,1.476678423,2.280726299,1.309063013
27,28,6/28/19,7/19/19,11/26/15,43,App + Info,3,90,100,100,90,80,92,disagree,disagree,agree,disagree,agree,disagree,agree,agree,2,in preschool,in preschool,as a toddler,as an infant,probably true,probably true,definitely true,probably true,definitely true,probably true,probably not true,probably not true,probably true,probably not true,probably true,probably not true,probably not true,probably not true,probably not true,probably not true,probably not true,probably not true,44,1987,female,white,some college,14,english,"75,001 to 100,000",87500,"75,000 to 99,999",biological mother,11/26/15,female,white,yes,yes,no,Both,10,very often,sometimes,sometimes,very often,more than 60,10 months,90,100,80,80,80,86,strongly disagree,strongly disagree,agree,strongly disagree,agree,disagree,agree,agree,2,in preschool,in preschool,as a toddler,as an infant,definitely not true,definitely true,probably true,probably true,definitely true,probably true,probably true,probably not true,probably true,probably not true,probably true,probably not true,probably not true,probably not true,probably true,probably true,probably not true,probably not true,45,english,yes,0,0,7,3,9,19,60,103,20,83,82,114,66,101,2,26,13,12,2,2,19,28,1,NA,0,59,59,5,5,95,294,0,37,1,0,35,31,28,3,3,47,82,1,37,0,64,63,4,4,104,254,0,54,1,1,23,25,21,2,2,35,53,1,36,0,82,82,5,5,101,382,0,29,1,0,56,0,0,0,1,1,0,1,0,0,0,0,0,0,0,1,0,0,0,4,0,0,0,1,0,59,0,0,0,59,0,0,0,0,0,0,0,0,0,0,0,0,0,0,0,0,0,0,0,0,0,0,0,0,17,4,1,0,12,0,1,2,0,0,0,0,1,0,0,0,0,0,0,1,0,0,0,2,1,1,1,0,0,66,0,3,0,63,0,0,0,1,0,0,0,0,0,0,0,0,0,0,0,0,0,0,0,2,0,0,0,0,34,1,5,0,28,1,0,1,0,2,0,1,0,0,0,2,0,0,0,1,0,5,1,8,0,1,6,0,0,83,0,1,0,82,0,1,0,1,0,1,0,1,0,0,0,1,0,2,0,0,0,2,0,6,1,3,0,0,58,0,3,0,55,4,1,3,3,1,1,1,0,2,0,0,0,0,0,0,0,0,0,5,1,4,3,2,3,1,0,1,1,0,1,0,1,1,0,0,0,8,3,5,8,0,2,1,2,3,7,4,3,0,7,2,2,1,2,204,1,1,1,3,0,0,0,3,0,0,0,2,0,3,1,2,95,1,0,2,0,2,0,0,0,0,0,1,0,1,0,1,0,17,5,12,14,3,6,3,2,6,8,4,4,0,8,3,2,1,2,0.06779661,0.050847458,0.016949153,0.050847458,0.016949153,0.016949153,0.033898305,0,0.016949153,0,0,0,0,0,0,0,0,0,0.079365079,0.063492063,0.015873016,0.047619048,0.031746032,0.047619048,0.015873016,0,0.015873016,0.035714286,0.035714286,0,0,0.035714286,0.035714286,0,0,0,0.097560976,0.06097561,0.036585366,0.097560976,0,0.024390244,0.036585366,0.024390244,0.012195122,0.127272727,0.054545455,0.072727273,0,0.127272727,0.036363636,0.036363636,0.018181818,0.036363636,0.083333333,0.058823529,0.024509804,0.068627451,0.014705882,0.029411765,0.029411765,0.009803922,0.014705882,0.084210526,0.042105263,0.042105263,0,0.084210526,0.031578947,0.021052632,0.010526316,0.021052632,4.868,4.402,45.73,43.95,2.242946827,2.233592222,1.928960591,1.238658362,2.062135795,0.904456274
28,29,6/14/19,7/12/19,12/16/15,41,App Only,3,100,100,100,100,100,100,strongly disagree,strongly disagree,strongly agree,strongly disagree,strongly agree,strongly disagree,strongly agree,strongly agree,1,as an infant,as a baby,as an infant,as an infant,probably not true,definitely true,probably true,definitely true,definitely true,definitely true,probably not true,definitely not true,probably not true,definitely not true,definitely not true,definitely not true,probably not true,definitely not true,probably true,probably true,definitely not true,probably not true,62,1981,female,white,bachelor's,16,portuguese,"50,001 to 75,000",62500,"50,000 to 74,999",biological mother,12/16/15,female,white,yes,yes,no,My child uses the device on their own,15,very often,often,sometimes,sometimes,more than 60,2 months,100,100,100,100,100,100,disagree,disagree,agree,disagree,agree,disagree,agree,agree,2,as an infant,as a toddler,as a baby,as an infant,probably not true,definitely true,probably true,definitely true,definitely true,definitely true,probably not true,definitely not true,probably not true,definitely not true,definitely not true,definitely not true,definitely not true,definitely not true,probably true,probably true,probably not true,probably not true,60,"english, portuguese",yes,23,3,8,10,6,24,69,105,90,116,69,107,84,111,NA,122,32,30,2,3,50,81,1,44,1,112,112,4,4,123,419,0,53,1,4,38,42,38,2,2,52,103,1,39,0,105,105,3,4,111,357,0,45,0,4,35,39,39,3,3,48,114,0,22,0,103,101,4,4,116,400,0,31,1,0,45,0,0,2,0,0,0,0,0,0,0,0,0,0,0,1,0,1,0,2,0,0,2,0,0,112,0,0,0,112,0,0,0,0,0,1,0,0,0,0,0,0,0,1,0,0,0,0,0,2,0,2,0,0,39,0,9,0,30,1,2,1,0,0,0,0,0,0,0,0,0,0,0,1,0,0,0,0,1,0,1,0,0,105,0,0,0,105,0,1,0,1,0,0,0,0,0,0,0,0,0,0,0,0,0,0,0,0,0,1,0,0,45,0,8,0,37,0,0,0,1,0,2,0,0,1,1,0,1,0,0,0,0,0,2,3,1,0,2,0,0,104,0,3,0,101,0,0,0,0,0,1,0,0,0,0,0,0,0,0,0,0,0,1,0,2,0,0,0,0,29,0,8,0,21,3,0,3,3,0,2,1,0,0,2,2,0,0,2,0,1,0,1,5,3,2,3,2,4,1,0,0,2,1,1,0,2,2,0,0,0,6,4,2,1,5,1,0,3,2,1,1,0,0,1,0,0,0,1,318,2,1,1,3,0,0,0,2,1,1,1,0,2,0,0,0,88,1,0,1,0,1,0,0,0,0,0,0,0,2,0,0,0,14,7,7,7,7,7,2,3,2,5,4,1,0,5,2,1,0,2,0.026785714,0.026785714,0,0.026785714,0,0.017857143,0,0,0.008928571,0.066666667,0,0.066666667,0,0.066666667,0,0.033333333,0,0.033333333,0.047619048,0.019047619,0.028571429,0.028571429,0.019047619,0.038095238,0,0,0.00952381,0.054054054,0.027027027,0.027027027,0,0.054054054,0.054054054,0,0,0,0.059405941,0.01980198,0.03960396,0.00990099,0.04950495,0.00990099,0.01980198,0.02970297,0,0.047619048,0,0.047619048,0,0.047619048,0,0.047619048,0,0,0.044025157,0.022012579,0.022012579,0.022012579,0.022012579,0.022012579,0.006289308,0.009433962,0.006289308,0.056818182,0.011363636,0.045454545,0,0.056818182,0.022727273,0.022727273,0,0.011363636,3.969,3.553,51.14,47.14,1.899390133,1.68686472,1.163543814,1.163543814,1.163543814,1.163543814
29,30,6/14/19,7/8/19,2/29/16,39,App + Info,1,80,100,80,90,60,82,strongly disagree,strongly disagree,strongly agree,strongly disagree,strongly agree,strongly disagree,agree,agree,1,as a toddler,as a toddler,as a baby,as an infant,definitely not true,definitely true,probably true,probably true,definitely true,probably true,probably not true,probably not true,probably not true,probably not true,probably not true,probably not true,probably not true,probably not true,probably true,probably true,probably true,probably true,49,1988,female,african american,master's degree,18,english,"50,001 to 75,000",62500,"50,000 to 74,999",biological mother,2/29/16,female,african american,yes,yes,no,Both,60,often,sometimes,sometimes,often,41-60,newborn,80,90,90,90,90,88,strongly disagree,strongly disagree,agree,strongly disagree,agree,strongly disagree,agree,agree,2,as a baby,in preschool,as an infant,as an infant,definitely not true,definitely true,probably true,probably true,probably true,probably true,probably not true,probably not true,probably true,probably not true,probably not true,probably not true,probably not true,probably not true,probably true,probably true,probably not true,probably not true,50,english,yes,73,6,9,11,5,25,75,107,94,120,59,103,84,111,7,47,24,21,4,4,59,97,1,61,1,74,74,5,5,95,362,0,42,1,1,28,51,48,3,3,60,139,0,37,0,121,121,4,4,127,468,0,46,1,4,37,41,32,4,4,61,198,0,21,1,80,80,5,6,123,430,0,36,1,2,54,1,1,4,3,0,0,0,0,0,0,0,1,0,1,1,0,0,0,0,0,1,6,0,0,74,0,0,0,74,0,0,0,1,0,0,0,0,0,0,0,0,0,0,0,0,0,0,0,0,0,0,0,0,29,0,8,0,21,0,1,1,1,0,2,0,0,1,0,1,0,0,0,0,0,0,0,0,0,0,0,0,0,121,0,0,0,121,0,0,0,0,0,0,0,0,0,1,0,0,0,0,0,0,0,0,0,0,0,1,0,0,53,0,5,0,48,0,0,2,1,0,0,0,0,0,0,0,0,0,0,0,0,0,0,5,1,1,4,0,0,80,0,0,0,80,0,0,0,2,0,0,0,0,0,0,0,0,0,0,0,0,0,0,0,2,1,0,0,0,41,0,2,0,39,12,3,9,6,6,9,2,1,0,1,0,1,0,1,1,0,0,0,7,4,3,3,4,3,0,2,2,1,1,0,0,1,0,0,1,0,3,0,3,2,1,3,0,0,0,2,0,2,0,2,2,0,0,0,275,2,1,5,7,1,0,0,1,0,1,1,1,2,0,0,0,108,0,0,3,0,0,0,0,0,1,0,0,0,0,0,0,0,22,7,15,11,11,15,2,3,2,4,1,3,0,4,3,0,1,0,0.162162162,0.121621622,0.040540541,0.081081081,0.081081081,0.121621622,0,0.013513514,0.027027027,0.047619048,0.047619048,0,0,0.047619048,0.047619048,0,0,0,0.05785124,0.024793388,0.033057851,0.024793388,0.033057851,0.024793388,0.016528926,0.016528926,0,0.020833333,0,0.020833333,0,0.020833333,0,0,0.020833333,0,0.0375,0.0375,0,0.025,0.0125,0.0375,0,0,0,0.051282051,0.051282051,0,0,0.051282051,0.051282051,0,0,0,0.08,0.054545455,0.025454545,0.04,0.04,0.054545455,0.007272727,0.010909091,0.007272727,0.037037037,0.027777778,0.009259259,0,0.037037037,0.027777778,0,0.009259259,0,4.836,4.393,53.43,49.31,1.54835022,2.197224577,1.864784604,1.265666373,1.609437912,1.609437912
30,31,6/14/19,7/12/19,5/8/15,49,App Only,2,70,100,100,100,100,94,strongly disagree,strongly disagree,agree,strongly disagree,strongly agree,strongly disagree,strongly agree,agree,1,as a toddler,as a toddler,as a baby,as an infant,probably not true,definitely true,probably true,definitely true,definitely true,definitely true,probably true,probably not true,definitely true,definitely not true,probably not true,definitely not true,probably true,definitely not true,probably not true,definitely not true,probably not true,definitely not true,55,NA,female,african american,bachelor's,16,english,"50,001 to 75,000",62500,"50,000 to 74,999",biological mother,5/8/15,female,mixed,yes,yes,no,Both,30,often,very often,seldom,very often,more than 60,newborn,100,100,70,80,100,90,strongly disagree,strongly disagree,strongly agree,strongly disagree,strongly agree,disagree,strongly agree,mostly agree,1,in preschool,in preschool,as an infant,as an infant,probably true,definitely true,probably not true,definitely true,definitely true,probably not true,probably true,definitely not true,probably true,definitely not true,definitely true,definitely not true,definitely true,definitely not true,definitely not true,definitely not true,probably true,definitely not true,51,english,yes,68,4,12,11,12,35,73,105,69,104,71,107,80,106,NA,40,40,39,5,6,58,228,0,24,1,52,51,5,5,96,246,0,43,1,1,15,35,32,4,5,68,164,0,33,1,41,40,5,5,87,193,0,50,1,1,12,43,42,2,3,54,110,0,25,0,64,64,6,7,126,419,0,39,1,0,25,0,1,3,1,1,1,0,0,0,0,0,3,0,0,0,0,0,1,1,1,1,0,0,0,52,0,1,0,51,0,0,0,8,0,0,0,0,0,0,0,1,0,0,0,0,0,0,0,0,1,2,0,0,40,0,1,0,39,0,0,0,0,0,0,0,0,0,0,0,2,0,0,0,0,0,1,0,3,1,2,0,0,42,0,2,0,40,0,0,0,0,0,3,0,1,0,0,0,0,0,0,0,0,0,0,0,0,0,5,0,0,35,0,3,0,32,0,0,1,1,0,0,3,2,0,0,1,1,0,0,0,0,0,0,6,3,6,1,0,0,64,0,0,0,64,0,1,0,3,0,0,0,3,0,0,0,1,0,0,0,0,0,0,0,6,3,0,0,0,42,1,11,0,30,10,3,7,4,6,5,0,3,2,9,0,9,0,9,8,0,1,0,2,0,2,0,2,0,0,2,0,4,3,1,0,4,0,0,0,4,9,0,9,5,4,2,0,2,5,8,1,7,0,8,4,0,1,3,155,1,0,2,4,0,0,0,0,0,0,6,1,1,1,2,3,101,1,0,11,0,0,0,0,0,0,0,2,0,3,0,4,0,21,3,18,9,12,7,0,7,7,21,4,17,0,21,12,0,2,7,0.196078431,0.137254902,0.058823529,0.078431373,0.117647059,0.098039216,0.039215686,0.058823529,0,0.230769231,0.230769231,0,0,0.230769231,0.205128205,0,0.025641026,0,0.05,0.05,0,0,0.05,0,0,0.05,0,0.125,0.03125,0.09375,0,0.125,0,0.125,0,0,0.140625,0.140625,0,0.078125,0.0625,0.03125,0.078125,0.03125,0,0.266666667,0.233333333,0.033333333,0,0.266666667,0.133333333,0.1,0.033333333,0,0.135483871,0.116129032,0.019354839,0.058064516,0.077419355,0.04516129,0.04516129,0.04516129,0,0.207920792,0.168316832,0.03960396,0,0.207920792,0.118811881,0.069306931,0.01980198,0,5.877,5.335,49.11,39.17,3.081546565,2.677480135,2.534720356,1.076872302,1.917870929,2.168131616
31,32,6/13/19,7/2/19,7/10/15,47,App + Info,1,80,100,100,90,90,92,,,,,,,,,NA,,,,,,,,definitely true,definitely true,probably true,definitely not true,probably not true,probably true,probably true,probably not true,probably not true,probably true,definitely not true,probably true,definitely not true,definitely not true,definitely not true,NA,1984,female,white,master's degree,18,english,"75,001 to 100,000",87500,"75,000 to 99,999",biological mother,7/10/15,female,mixed,yes,yes,yes,Both,60,sometimes,often,often,often,more than 60,3 months,90,100,90,80,100,92,strongly disagree,strongly agree,mostly agree,disagree,agree,disagree,agree,agree,3,as a baby,as a baby,as a toddler,as an infant,definitely not true,definitely true,probably not true,definitely true,definitely true,probably true,definitely not true,definitely not true,probably not true,definitely not true,definitely not true,definitely not true,probably true,definitely not true,definitely not true,probably not true,definitely not true,definitely not true,NA,english,yes,7,8,7,9,8,24,60,103,84,113,77,111,82,110,3,84,28,28,3,3,49,72,1,49,0,49,49,5,5,89,232,0,52,1,1,23,26,26,3,3,43,81,1,33,1,51,51,4,5,80,233,0,38,1,4,26,26,23,2,2,22,41,1,NA,0,63,63,6,6,116,366,0,27,1,10,35,0,0,0,0,0,0,0,0,0,0,0,0,0,0,1,0,0,0,5,0,0,0,0,0,50,0,0,0,50,0,0,0,0,0,0,0,0,0,0,0,0,0,0,0,1,0,0,0,4,0,0,0,0,32,1,3,0,28,1,0,1,0,0,0,0,0,0,0,0,0,0,0,0,0,0,1,1,1,0,0,0,0,51,0,0,0,51,0,0,0,0,0,0,0,0,0,0,0,0,0,0,0,0,0,0,1,1,0,2,0,0,30,2,2,0,26,0,0,3,0,0,0,0,0,0,0,0,0,0,0,1,0,4,0,8,0,3,3,0,0,63,0,0,0,63,0,0,0,1,0,0,0,0,0,0,0,0,0,0,0,1,0,4,0,5,1,2,0,0,44,0,2,0,42,1,0,1,1,0,0,1,0,0,1,0,1,0,1,0,1,0,0,2,1,1,2,0,2,0,0,0,0,0,0,0,0,0,0,0,0,4,0,4,4,0,3,1,0,0,2,0,2,0,2,1,1,0,0,164,0,1,0,4,0,0,0,2,0,0,0,0,0,0,0,0,96,0,0,1,0,0,0,2,0,0,0,0,0,0,0,0,0,7,1,6,7,0,5,2,0,0,3,0,3,0,3,1,2,0,0,0.02,0.02,0,0.02,0,0,0,0,0.02,0.035714286,0.035714286,0,0,0.035714286,0,0,0,0.035714286,0.039215686,0.019607843,0.019607843,0.039215686,0,0.039215686,0,0,0,0,0,0,0,0,0,0,0,0,0.063492063,0.063492063,0,0.063492063,0,0.047619048,0,0,0.015873016,0.047619048,0.047619048,0,0,0.047619048,0.023809524,0,0,0.023809524,0.042682927,0.036585366,0.006097561,0.042682927,0,0.030487805,0,0,0.012195122,0.03125,0.03125,0,0,0.03125,0.010416667,0,0,0.020833333,5.436,4.982,48.61,44.47,1.41706602,1.661706341,1.538701361,0.476082675,1.661706341,0
32,33,6/17/19,7/8/19,1/17/15,53,App + Info,3,95,95,90,100,100,96,mostly disagree,mostly disagree,mostly agree,mostly disagree,mostly agree,mostly disagree,mostly agree,mostly agree,3,as a baby,as a baby,as a toddler,as a baby,probably not true,definitely true,probably true,definitely true,probably true,definitely true,probably not true,definitely not true,probably true,definitely not true,definitely not true,definitely not true,probably not true,definitely not true,definitely not true,definitely not true,probably not true,probably not true,59,1974,female,white,master's degree,18,english,"100,001 to 125,000",112500,"50,000 to 74,999",biological mother,1/17/15,male,white,yes,yes,no,,30,sometimes,often,seldom,sometimes,21-40,1 year old,90,90,60,100,90,86,disagree,disagree,mostly agree,disagree,mostly agree,disagree,mostly agree,disagree,3,as an infant,as a baby,as an infant,as an infant,probably not true,definitely true,probably not true,definitely true,probably true,definitely true,probably not true,probably not true,probably true,probably true,probably not true,definitely not true,probably not true,definitely not true,definitely not true,definitely not true,definitely not true,definitely not true,62,english (a little french),yes,9,2,8,6,5,19,35,94,25,88,28,91,39,91,0,81,53,47,4,4,80,202,0,42,1,50,50,6,7,118,328,0,53,1,17,15,2,2,1,1,2,2,1,NA,0,58,58,5,6,124,331,0,57,1,0,22,34,32,2,2,38,66,1,27,0,89,85,5,6,133,499,0,43,1,1,49,0,3,1,1,0,0,0,0,0,0,0,0,0,0,0,0,0,0,0,3,1,0,0,0,50,0,0,0,50,1,1,0,0,0,2,0,0,0,0,0,0,0,0,0,0,0,0,0,0,0,17,0,0,54,0,7,0,47,0,2,4,0,0,0,0,1,0,0,0,3,0,0,0,0,1,1,0,1,1,0,0,0,58,0,0,0,58,0,0,0,0,0,0,0,0,0,0,0,0,0,0,0,0,0,0,0,0,0,0,0,0,11,9,0,0,2,0,0,2,3,0,0,0,1,0,0,1,1,0,0,0,0,2,1,1,0,2,1,0,0,89,0,4,0,85,0,0,0,0,0,0,0,0,0,0,0,1,0,0,0,0,0,1,0,0,0,0,0,0,36,0,14,0,22,5,3,2,1,4,5,0,0,0,4,4,0,1,3,2,0,0,2,10,2,8,4,6,6,0,3,1,0,0,0,0,0,0,0,0,0,8,0,8,3,5,5,0,2,1,1,0,1,0,1,0,0,1,0,193,5,0,4,7,0,0,0,0,0,0,4,1,0,0,2,0,71,1,1,0,0,0,0,0,0,0,0,1,0,2,0,0,0,23,5,18,8,15,16,0,5,2,5,4,1,1,4,2,0,1,2,0.1,0.04,0.06,0.02,0.08,0.1,0,0,0,0.085106383,0,0.085106383,0.021276596,0.063829787,0.042553191,0.042553191,0,0,0.172413793,0.137931034,0.034482759,0.068965517,0.103448276,0.103448276,0.017241379,0.051724138,0,0,0,0,0,0,0,0,0,0,0.094117647,0.094117647,0,0.035294118,0.058823529,0.058823529,0.011764706,0.023529412,0,0.045454545,0.045454545,0,0,0.045454545,0,0,0.045454545,0,0.119170984,0.093264249,0.025906736,0.041450777,0.077720207,0.082901554,0.010362694,0.025906736,0,0.070422535,0.014084507,0.056338028,0.014084507,0.056338028,0.028169014,0.028169014,0.014084507,0,6.285,5.637,60.67,47.07,2.084709333,2.558551895,2.334706131,1.27833981,1.638040475,2.171567193
33,35,6/17/19,7/8/19,7/19/15,46,App Only,3,60,80,80,100,100,84,strongly disagree,strongly disagree,strongly agree,strongly disagree,agree,disagree,strongly agree,agree,1,as a baby,as a toddler,as a baby,as an infant,definitely not true,definitely true,definitely true,definitely true,definitely true,probably true,probably not true,probably not true,probably true,probably not true,probably true,definitely not true,probably true,definitely not true,probably not true,probably not true,probably not true,probably true,52,1983,female,white,some college,14,english,"75,001 to 100,000",87500,"75,000 to 99,999",biological mother,7/19/15,female,white,yes,yes,no,My child uses the device on their own,45,sometimes,very often,often,often,more than 60,1 year old,90,90,80,100,100,92,strongly disagree,strongly disagree,strongly agree,strongly disagree,strongly agree,disagree,strongly agree,strongly agree,1,as a baby,as a baby,as an infant,as an infant,definitely not true,definitely true,definitely true,definitely true,definitely true,definitely true,probably not true,probably not true,probably true,probably not true,probably true,definitely not true,probably true,definitely not true,definitely not true,probably not true,definitely not true,definitely true,56,english,yes,0,4,12,10,8,30,92,116,90,116,77,111,90,NA,NA,55,58,50,3,3,66,179,0,30,0,53,53,4,5,103,237,0,49,1,12,6,27,17,4,4,58,126,0,34,1,54,53,3,4,87,197,0,43,1,9,14,47,44,2,2,44,88,1,25,0,88,86,5,5,114,443,0,32,1,2,53,1,0,1,2,0,0,1,0,0,0,0,0,0,0,0,0,0,0,1,2,2,0,0,0,53,0,0,0,53,0,0,1,0,0,0,0,1,0,0,0,0,0,0,0,0,0,0,1,1,2,1,0,0,62,0,12,0,50,0,1,0,0,0,0,0,0,0,0,1,0,0,0,0,0,0,0,0,1,0,1,0,0,55,1,1,0,53,0,0,0,0,0,0,0,0,0,0,0,0,0,0,0,0,0,0,0,0,0,0,0,0,31,1,13,0,17,1,0,5,0,0,0,1,0,0,0,0,0,0,0,0,0,1,0,8,1,4,5,0,0,88,0,2,0,86,0,0,0,1,0,0,0,1,0,0,0,0,0,0,0,0,0,0,0,5,1,1,0,0,38,2,4,0,32,5,1,4,3,2,4,0,0,1,2,0,2,1,1,1,0,0,1,2,1,1,1,1,1,0,1,0,0,0,0,0,0,0,0,0,0,7,1,6,7,0,6,0,0,1,2,0,2,0,2,1,0,0,1,192,1,2,2,6,0,0,0,0,0,0,0,1,0,0,0,2,99,0,0,1,1,0,0,0,0,0,0,0,0,0,0,2,0,14,3,11,11,3,11,0,1,2,4,0,4,1,3,2,0,0,2,0.094339623,0.075471698,0.018867925,0.056603774,0.037735849,0.075471698,0.018867925,0,0,0.04,0.04,0,0.02,0.02,0.02,0.02,0,0,0.037735849,0.018867925,0.018867925,0.018867925,0.018867925,0.018867925,0,0.018867925,0,0,0,0,0,0,0,0,0,0,0.081395349,0.069767442,0.011627907,0.081395349,0,0.069767442,0.011627907,0,0,0.0625,0.0625,0,0,0.0625,0.03125,0.03125,0,0,0.072916667,0.057291667,0.015625,0.057291667,0.015625,0.057291667,0.010416667,0.005208333,0,0.04040404,0.04040404,0,0.01010101,0.03030303,0.02020202,0.02020202,0,0,4.714,4.281,47.94,41.97,1.617486246,2.115250994,1.906451312,0.940983344,1.906451312,0.940983344
34,36,6/17/19,7/8/19,9/19/15,44,App + Info,2,75,90,90,100,100,91,mostly disagree,mostly disagree,mostly agree,mostly disagree,mostly agree,mostly disagree,mostly agree,mostly agree,3,as an infant,as a toddler,as an infant,as an infant,probably true,definitely true,probably true,definitely true,definitely true,definitely true,probably true,probably not true,probably not true,probably not true,probably not true,probably true,probably not true,probably not true,probably not true,probably not true,probably not true,probably not true,54,1979,female,white,master's degree,18,english,"75,001 to 100,000",87500,"75,000 to 99,999",biological mother,9/19/15,male,mixed,yes,yes,yes,My child uses the device on their own,30,often,sometimes,sometimes,sometimes,41-60,6 months,90,90,90,100,100,94,mostly disagree,mostly disagree,mostly agree,mostly disagree,mostly agree,mostly disagree,mostly agree,mostly agree,3,as an infant,as a toddler,as an infant,as an infant,probably not true,definitely true,probably true,definitely true,definitely true,definitely true,probably true,probably not true,definitely true,probably not true,probably true,probably true,probably not true,probably not true,probably not true,probably not true,probably not true,probably not true,52,english,yes,67,5,8,4,11,23,69,105,32,90,89,117,73,105,4,51,54,50,2,2,40,113,0,14,0,121,120,5,5,128,564,0,41,1,1,49,13,13,2,2,20,28,1,NA,0,113,112,4,5,102,513,0,37,1,0,42,73,70,2,2,59,129,0,26,0,119,119,6,6,134,687,0,25,1,0,81,0,1,1,0,1,0,0,0,0,0,0,0,0,0,1,0,0,0,0,3,1,0,0,0,120,0,1,0,119,0,0,0,0,0,0,0,0,0,0,0,0,0,0,0,0,0,0,0,0,0,0,0,0,59,2,7,0,50,0,0,1,0,0,0,2,0,0,0,0,0,0,0,1,0,0,0,3,0,1,3,0,0,113,0,1,0,112,0,0,0,0,0,0,0,1,0,0,0,0,0,0,0,0,0,0,0,0,0,0,0,0,16,1,2,0,13,0,0,5,0,2,0,4,1,2,1,4,0,0,0,0,0,2,0,5,1,5,0,0,0,119,0,0,0,119,0,0,0,3,0,2,0,0,0,2,0,4,0,0,0,0,0,1,0,1,0,0,0,0,52,0,9,0,43,4,2,2,3,1,2,1,0,1,0,0,0,0,0,0,0,0,0,4,0,4,4,0,1,1,0,2,1,0,1,0,1,0,0,0,1,19,5,14,17,2,5,0,7,7,11,4,7,0,11,3,0,6,2,350,1,0,0,7,0,0,0,2,1,2,0,4,0,3,1,6,106,0,0,3,0,0,0,0,0,2,0,4,0,2,0,1,0,27,7,20,24,3,8,2,7,10,12,4,8,0,12,3,0,6,3,0.033613445,0.016806723,0.016806723,0.025210084,0.008403361,0.016806723,0.008403361,0,0.008403361,0,0,0,0,0,0,0,0,0,0.035714286,0.035714286,0,0.035714286,0,0.008928571,0.017857143,0,0.008928571,0.076923077,0.076923077,0,0,0.076923077,0,0.076923077,0,0,0.159663866,0.117647059,0.042016807,0.142857143,0.016806723,0.042016807,0.058823529,0.058823529,0,0.255813953,0.162790698,0.093023256,0,0.255813953,0.069767442,0.046511628,0.139534884,0,0.077142857,0.057142857,0.02,0.068571429,0.008571429,0.022857143,0.028571429,0.02,0.005714286,0.113207547,0.075471698,0.037735849,0,0.113207547,0.028301887,0.028301887,0.056603774,0,5.403,4.854,40.61,28.53,2.511285216,2.164963715,1.904237453,1.098612289,2.061423036,0.619039208
35,37,6/18/19,7/8/19,3/5/16,39,App Only,2,100,100,100,100,100,100,strongly disagree,strongly disagree,strongly agree,strongly disagree,strongly agree,strongly disagree,strongly agree,strongly agree,1,as a toddler,in kindergarten,as a baby,as an infant,definitely not true,probably true,probably true,probably true,probably true,probably not true,probably not true,probably not true,probably not true,definitely not true,probably true,probably not true,probably not true,probably not true,probably not true,probably true,probably true,probably true,45,1984,female,white,some college,14,english,"100,001 to 125,000",112500,"75,000 to 99,999",biological mother,3/5/16,female,white,yes,yes,no,My child uses the device on their own,30,very often,sometimes,sometimes,very often,more than 60,3 months,100,100,90,100,100,98,strongly disagree,strongly disagree,strongly agree,strongly disagree,strongly agree,strongly disagree,strongly agree,strongly agree,1,as an infant,as a toddler,as an infant,as an infant,probably not true,definitely true,probably true,definitely true,definitely true,probably true,definitely not true,definitely not true,probably not true,definitely not true,probably true,definitely not true,definitely not true,definitely not true,probably not true,probably not true,probably not true,probably true,60,english,yes,0,3,11,4,9,24,86,113,32,90,82,114,77,106,NA,70,63,55,3,4,72,212,0,33,1,122,121,4,5,138,550,0,42,1,3,25,61,52,3,4,73,214,0,32,1,97,97,4,4,124,381,0,42,1,0,17,42,35,3,3,47,121,0,21,1,162,157,4,4,179,634,0,52,1,7,58,0,3,1,5,0,1,0,1,0,0,0,0,0,0,0,0,0,0,3,6,1,8,0,0,122,0,1,0,121,0,0,0,1,0,1,0,0,0,0,0,0,0,0,0,0,0,0,0,7,0,3,0,0,67,0,12,0,55,0,0,0,2,0,2,0,0,0,0,0,0,0,0,0,0,0,0,0,2,0,12,0,0,98,0,1,0,97,0,0,0,0,0,0,0,0,0,0,0,0,0,0,0,0,0,0,0,0,0,0,0,0,66,0,16,0,50,0,0,0,2,0,0,0,1,0,0,0,0,0,0,0,0,0,0,2,1,0,11,0,0,169,0,6,0,163,0,0,0,0,0,1,0,0,0,0,0,0,0,0,0,0,0,0,0,0,0,2,0,0,75,0,5,0,70,11,4,7,1,10,9,0,0,2,2,1,1,0,2,1,0,0,1,4,2,2,0,4,2,0,0,2,0,0,0,0,0,0,0,0,0,3,0,3,0,3,2,0,0,1,1,1,0,0,1,0,0,0,1,381,3,0,9,1,0,0,0,0,0,0,0,0,3,0,2,0,175,0,0,1,0,0,0,0,0,0,0,0,0,2,0,0,0,18,6,12,1,17,13,0,0,5,3,2,1,0,3,1,0,0,2,0.090909091,0.05785124,0.033057851,0.008264463,0.082644628,0.074380165,0.016528926,0,0,0.036363636,0.018181818,0.018181818,0,0.036363636,0.018181818,0.018181818,0,0,0.041237113,0.020618557,0.020618557,0,0.041237113,0.020618557,0.020618557,0,0,0,0,0,0,0,0,0,0,0,0.018404908,0.018404908,0,0,0.018404908,0.012269939,0.006134969,0,0,0.014285714,0,0.014285714,0,0.014285714,0,0.014285714,0,0,0.047244094,0.031496063,0.015748031,0.002624672,0.044619423,0.034120735,0.01312336,0,0,0.017142857,0.005714286,0.011428571,0,0.017142857,0.005714286,0.011428571,0,0,4.328,3.941,51.1,37.36,0.99852883,1.744739391,1.423013462,0.945773084,0.233067895,1.697804451
36,39,6/18/19,7/9/19,9/19/15,44,App Only,1,30,100,70,80,60,68,strongly disagree,strongly disagree,strongly agree,strongly disagree,strongly agree,disagree,agree,agree,1,as a toddler,in preschool,as a baby,as an infant,probably not true,definitely true,definitely true,definitely true,definitely true,probably true,probably true,definitely not true,probably true,probably true,definitely not true,probably not true,probably true,probably not true,definitely true,probably true,probably not true,probably true,45,1976,female,white,associate's,14,english,"50,001 to 75,000",62500,"50,000 to 74,999",biological mother,9/20/15,male,mixed,yes,yes,yes,Both,20,often,very often,sometimes,sometimes,21-40,3 months,60,80,80,80,70,74,strongly disagree,disagree,agree,disagree,agree,disagree,agree,agree,2,as an infant,as a baby,as an infant,as a baby,probably not true,definitely true,definitely true,definitely true,definitely true,probably true,probably true,probably not true,definitely true,probably not true,definitely not true,probably not true,probably not true,probably true,probably not true,probably not true,probably not true,probably not true,52,"english, spanish",no,4,5,8,7,6,31,69,105,74,106,69,107,78,107,NA,51,39,34,4,4,57,143,0,28,1,49,49,5,6,83,251,0,37,1,2,21,52,44,3,4,62,183,0,32,1,60,58,5,5,82,293,0,35,1,2,19,4,3,2,2,11,12,1,NA,1,100,98,4,5,101,456,0,33,1,0,47,0,0,0,0,0,1,1,0,0,0,0,0,1,0,1,0,0,0,2,2,0,1,1,0,49,0,0,0,49,0,0,0,2,0,0,0,0,0,0,0,0,0,0,0,0,0,0,0,2,0,1,0,0,41,0,8,0,33,3,2,0,1,0,1,0,1,0,0,0,1,0,0,0,0,0,0,3,3,2,0,0,0,60,0,2,0,58,0,1,0,0,0,0,0,1,0,0,0,0,0,0,0,0,0,0,0,4,0,4,0,0,58,0,15,0,43,1,1,4,0,0,0,1,0,1,0,0,0,0,0,0,0,1,0,5,0,1,0,0,0,103,0,4,0,99,0,1,0,4,0,0,0,0,0,1,0,0,0,0,0,0,0,1,0,3,0,0,0,0,49,0,14,0,35,4,2,2,3,1,0,2,0,2,2,0,2,0,2,2,0,0,0,9,6,3,3,6,6,0,1,2,2,1,1,0,2,1,0,0,1,8,3,5,7,1,6,0,1,1,6,2,4,0,6,5,0,1,0,206,3,4,1,4,0,1,0,1,0,1,1,0,2,0,1,2,111,2,0,6,0,0,0,0,0,1,0,0,0,0,0,1,0,21,11,10,13,8,12,2,2,5,10,3,7,0,10,8,0,1,1,0.081632653,0.040816327,0.040816327,0.06122449,0.020408163,0,0.040816327,0,0.040816327,0.060606061,0.060606061,0,0,0.060606061,0.060606061,0,0,0,0.155172414,0.051724138,0.103448276,0.051724138,0.103448276,0.103448276,0.034482759,0.017241379,0,0.046511628,0.023255814,0.023255814,0,0.046511628,0.023255814,0.023255814,0,0,0.080808081,0.050505051,0.03030303,0.070707071,0.01010101,0.060606061,0.01010101,0.01010101,0,0.171428571,0.114285714,0.057142857,0,0.171428571,0.142857143,0,0.028571429,0,0.101941748,0.048543689,0.053398058,0.063106796,0.038834951,0.058252427,0.024271845,0.009708738,0.009708738,0.09009009,0.063063063,0.027027027,0,0.09009009,0.072072072,0.009009009,0.009009009,0,5.137,4.644,42.92,35.25,2.303485588,2.415393532,1.767188208,1.846848141,1.98933624,1.585861182
37,41,6/18/19,7/9/19,8/13/15,46,App Only,1,100,100,100,100,100,100,disagree,strongly disagree,strongly agree,disagree,strongly agree,disagree,agree,agree,2,as an infant,in preschool,as a baby,as an infant,probably true,definitely true,definitely true,definitely true,definitely true,definitely true,definitely true,definitely not true,probably true,probably not true,definitely not true,definitely not true,probably true,probably not true,probably not true,probably true,probably true,probably true,49,1980,female,white,bachelor's,16,english,"40,0001 to 50,000",45000,"50,000 to 74,999",biological mother,8/13/15,female,white,yes,yes,yes,Both,20,very often,very often,seldom,often,more than 60,birth,40,100,90,100,90,84,disagree,disagree,agree,strongly disagree,strongly agree,disagree,strongly agree,strongly agree,2,as a baby,as a toddler,as a baby,as an infant,probably not true,definitely true,definitely true,definitely true,definitely true,probably true,probably not true,definitely not true,probably true,probably not true,definitely not true,definitely not true,probably not true,definitely not true,probably not true,probably not true,probably not true,definitely true,54,english,yes,2,0,5,4,1,10,32,93,32,90,15,82,25,87,NA,86,25,21,2,2,27,47,1,NA,0,101,99,4,4,109,377,0,46,1,2,27,20,9,1,1,18,29,1,NA,0,47,47,5,5,94,234,0,47,1,0,16,31,28,2,3,42,68,1,40,0,8,8,6,7,25,50,1,14,1,0,6,0,0,0,0,1,1,0,0,0,0,0,0,0,0,0,0,0,0,0,0,0,2,0,0,101,0,2,0,99,0,0,0,0,0,0,0,0,0,0,0,0,0,0,0,0,0,0,0,0,0,0,0,0,42,5,16,0,21,0,0,0,3,0,0,0,1,0,0,0,0,0,0,0,0,0,0,2,0,0,0,0,0,49,0,0,0,49,0,0,0,0,0,0,0,0,0,0,0,0,0,0,0,0,0,0,0,1,0,0,0,0,25,1,15,0,9,0,0,0,0,0,0,1,0,0,0,0,0,0,0,0,0,0,0,0,0,0,1,0,0,8,0,0,0,8,0,0,0,0,0,0,0,0,0,0,0,0,0,0,0,0,0,0,0,0,0,1,0,0,5,0,2,0,3,2,2,0,1,1,0,0,0,2,0,0,0,0,0,0,0,0,0,4,0,4,0,4,3,0,0,1,0,0,0,0,0,0,0,0,0,1,0,1,1,0,0,0,0,1,0,0,0,0,0,0,0,0,0,156,0,0,3,0,0,0,0,0,0,0,0,0,1,1,1,1,33,0,0,0,0,0,0,0,0,0,0,0,0,0,0,0,0,7,2,5,2,5,3,0,0,4,0,0,0,0,0,0,0,0,0,0.02020202,0,0.02020202,0.01010101,0.01010101,0,0.02020202,0,0,0,0,0,0,0,0,0,0,0,0.081632653,0.081632653,0,0,0.081632653,0.06122449,0.020408163,0,0,0,0,0,0,0,0,0,0,0,0.125,0.125,0,0.125,0,0,0.125,0,0,0,0,0,0,0,0,0,0,0,0.044871795,0.032051282,0.012820513,0.012820513,0.032051282,0.019230769,0.025641026,0,0,0,0,0,0,0,0,0,0,0,4.552,4.019,50.36,22.22,0,1.702414369,1.436304782,0.825074724,0.825074724,1.436304782
38,42,6/18/19,7/9/19,8/14/15,46,App + Info,2,50,100,80,100,100,86,strongly disagree,strongly disagree,agree,strongly disagree,agree,mostly agree,agree,mostly agree,2,in kindergarten,in kindergarten,as a toddler,as a toddler,probably not true,probably true,probably true,definitely true,definitely true,probably true,probably true,probably true,definitely not true,probably not true,probably true,probably true,probably not true,probably true,probably not true,probably not true,probably not true,probably not true,41,1989,male,african american,some college,14,english,"30,001 to 40,000",35000,"0 to 49,999",stepfather,8/14/15,female,african american,yes,yes,yes,My child uses the device on their own,10,sometimes,sometimes,seldom,seldom,41-60,2 years old,0,100,100,90,100,78,strongly disagree,strongly disagree,mostly agree,mostly disagree,mostly agree,mostly disagree,mostly agree,mostly disagree,3,in elementary,in elementary,in preschool,as a toddler,probably not true,probably true,probably true,definitely true,definitely true,probably not true,probably true,probably not true,probably true,probably not true,probably true,probably true,probably true,probably true,probably not true,probably true,probably not true,probably not true,34,english,yes,0,2,8,6,9,23,69,105,62,101,82,114,80,108,2,9,40,34,3,3,37,118,0,12,1,63,55,5,5,83,310,0,30,1,0,10,26,24,2,3,32,66,0,19,1,47,44,4,5,75,199,0,32,1,1,11,32,29,2,2,26,72,0,10,0,60,59,3,4,71,214,0,27,1,1,21,0,3,1,1,0,0,0,1,0,0,0,1,0,0,0,0,0,0,0,1,0,0,0,0,67,0,12,0,55,0,0,0,0,0,0,0,1,0,0,0,0,0,0,0,0,0,0,0,0,0,0,0,0,49,1,14,0,34,0,0,0,1,0,0,0,0,0,0,0,1,0,0,0,0,1,0,0,0,0,0,0,0,48,0,4,0,44,0,0,1,0,0,0,0,0,0,0,0,0,0,0,0,0,0,0,0,0,0,0,0,0,30,0,6,0,24,0,0,1,0,0,0,0,1,0,0,0,2,0,0,0,0,4,2,0,0,1,1,0,0,61,0,2,0,59,0,0,0,0,0,0,0,0,0,0,0,0,0,0,0,0,0,8,0,0,0,0,0,0,32,0,4,0,28,7,3,4,1,6,5,0,1,1,1,0,1,0,1,0,0,0,1,2,0,2,0,2,1,0,1,0,1,0,1,1,0,1,0,0,0,4,0,4,1,3,1,0,2,1,0,0,0,0,0,0,0,0,0,158,3,0,2,2,0,0,0,0,0,0,4,0,0,0,2,0,86,0,0,0,1,0,0,0,0,0,0,0,0,0,0,1,0,13,3,10,2,11,7,0,4,2,2,0,2,1,1,1,0,0,1,0.127272727,0.072727273,0.054545455,0.018181818,0.109090909,0.090909091,0.018181818,0.018181818,0,0.029411765,0.029411765,0,0,0.029411765,0,0.029411765,0,0,0.045454545,0.045454545,0,0,0.045454545,0.022727273,0,0.022727273,0,0.041666667,0.041666667,0,0.041666667,0,0.041666667,0,0,0,0.06779661,0.06779661,0,0.016949153,0.050847458,0.016949153,0.016949153,0.033898305,0,0,0,0,0,0,0,0,0,0,0.082278481,0.063291139,0.018987342,0.012658228,0.069620253,0.044303797,0.012658228,0.025316456,0,0.023255814,0.023255814,0,0.011627907,0.011627907,0.011627907,0.011627907,0,0,4.468,3.981,39.93,32.19,1.201644515,2.22222588,1.991854625,1.064274151,0.817937953,2.074683404
39,44,6/19/19,7/10/19,3/18/16,39,App + Info,1,100,100,80,90,75,89,mostly agree,mostly disagree,mostly agree,mostly disagree,mostly disagree,mostly agree,mostly disagree,mostly agree,4,as a baby,as a toddler,as a baby,as a toddler,probably true,definitely true,probably true,definitely true,definitely true,probably true,definitely not true,probably true,definitely true,probably not true,probably not true,probably true,definitely true,definitely not true,probably not true,probably not true,definitely not true,probably not true,48,1975,female,hispanic/latino,bachelor's,16,english,"75,001 to 100,000",87500,"50,000 to 74,999",biological mother,3/18/16,female,hispanic/latino,yes,yes,no,Both,30,often,often,seldom,never,21-40,4 months,80,80,90,90,85,85,disagree,disagree,mostly agree,mostly disagree,mostly agree,mostly disagree,mostly agree,mostly agree,3,as a baby,in preschool,as a baby,as a baby,probably not true,probably true,probably not true,definitely true,definitely true,definitely true,probably not true,probably not true,probably true,probably not true,probably true,definitely not true,probably true,definitely not true,probably not true,probably not true,definitely not true,definitely not true,54,"english, spanish",no,0,2,NA,NA,NA,NA,NA,NA,NA,NA,NA,NA,NA,NA,1,44,31,31,2,3,35,73,0,20,0,69,68,4,4,90,263,0,38,1,1,30,54,51,3,3,58,159,0,24,0,101,100,4,5,113,436,0,37,1,5,42,30,25,2,2,29,56,1,17,0,89,88,4,5,110,388,0,32,1,0,35,0,0,0,0,0,0,0,0,0,0,0,0,0,0,0,0,0,0,0,0,0,12,0,0,70,0,2,0,68,0,0,0,0,0,0,0,0,0,0,0,0,0,0,0,0,0,0,0,0,0,3,0,0,33,0,2,0,31,0,2,0,0,0,0,0,0,0,0,0,0,0,0,2,0,1,1,1,0,0,0,0,0,102,0,2,0,100,0,1,0,0,0,0,0,0,0,0,0,0,0,0,0,0,0,1,0,1,0,0,0,0,57,0,7,0,50,0,4,0,1,0,0,1,1,0,0,0,0,0,0,0,0,3,6,4,3,1,0,0,0,89,0,1,0,88,0,0,0,0,0,0,1,0,0,0,0,0,0,0,0,0,0,1,1,1,1,0,0,0,35,0,6,0,29,0,0,0,0,0,0,0,0,0,0,0,0,0,0,0,0,0,0,4,2,2,2,2,2,2,0,0,1,1,0,0,1,1,0,0,0,7,4,3,1,6,5,0,0,2,1,0,1,1,0,0,0,0,1,256,6,0,1,0,0,0,0,2,0,0,0,0,0,0,1,1,110,1,0,0,0,0,0,0,0,0,0,0,0,0,0,0,1,11,6,5,3,8,7,2,0,2,2,1,1,1,1,1,0,0,1,0,0,0,0,0,0,0,0,0,0,0,0,0,0,0,0,0,0,0.04,0.02,0.02,0.02,0.02,0.02,0,0,0.02,0.02,0,0.02,0,0.02,0.02,0,0,0,0.079545455,0.034090909,0.045454545,0.011363636,0.068181818,0.056818182,0.022727273,0,0,0.034482759,0.034482759,0,0.034482759,0,0,0.034482759,0,0,0.04296875,0.01953125,0.0234375,0.01171875,0.03125,0.02734375,0.0078125,0,0.0078125,0.018181818,0.009090909,0.009090909,0.009090909,0.009090909,0.009090909,0.009090909,0,0,4.52,4.035,41.67,27.8,1.036091932,1.667117024,1.082863932,1.207092932,0.77559085,1.41706602
40,45,6/19/19,7/11/19,6/6/15,48,App Only,4,100,100,90,80,70,88,strongly disagree,strongly disagree,strongly agree,strongly disagree,strongly agree,strongly disagree,strongly agree,strongly agree,1,as a toddler,in preschool,as a toddler,as a toddler,probably not true,definitely true,probably not true,definitely true,definitely true,probably true,probably true,probably not true,definitely true,definitely not true,probably true,probably not true,probably true,definitely not true,probably not true,probably not true,probably true,probably not true,46,1982,female,african american,bachelor's,16,english,"50,001 to 75,000",62500,"50,000 to 74,999",biological mother,6/6/15,male,african american,yes,yes,yes,My child uses the device on their own,20,often,seldom,seldom,often,21-40,One year,100,100,100,70,80,90,strongly disagree,strongly disagree,strongly agree,strongly disagree,strongly agree,mostly disagree,agree,agree,2,as a toddler,in preschool,as a toddler,as a toddler,probably not true,definitely true,probably true,probably true,probably true,probably true,probably not true,probably not true,probably true,definitely not true,probably true,definitely not true,probably true,definitely not true,definitely not true,definitely not true,probably true,probably true,47,"english, creole",yes,46,3,5,8,8,21,16,82,46,97,47,98,41,92,NA,28,1,1,3,3,1,3,0,NA,0,48,48,4,5,78,209,0,39,1,0,12,15,13,2,2,20,32,1,NA,0,54,53,4,4,85,217,0,40,1,0,17,22,16,1,2,20,33,1,NA,0,105,103,4,4,143,419,0,56,1,1,46,0,1,0,0,0,0,0,0,0,0,0,0,1,1,1,0,0,0,0,3,0,0,0,0,48,0,0,0,48,0,0,0,0,0,0,0,0,0,0,0,0,0,0,0,0,0,0,0,0,0,0,0,0,11,10,0,0,1,0,0,0,1,1,0,0,0,0,0,0,1,0,1,0,0,0,0,4,3,1,0,0,0,61,0,5,0,56,0,0,0,0,0,1,0,0,0,0,0,0,0,0,0,0,0,0,0,2,0,0,0,0,23,4,6,0,13,0,1,2,1,0,1,1,0,0,0,0,0,1,0,0,0,0,1,1,0,0,2,0,0,107,0,4,0,103,0,0,0,1,0,0,0,1,0,0,0,0,0,1,0,0,0,0,0,0,0,0,0,0,35,0,11,0,24,4,3,1,2,2,1,3,0,0,0,0,0,0,0,0,0,0,0,4,2,2,1,3,1,1,1,1,1,1,0,0,1,0,0,0,1,7,3,4,4,3,4,1,0,2,3,1,2,0,3,1,1,0,1,207,2,0,2,2,2,2,0,1,0,0,1,0,1,1,0,1,38,0,0,1,0,1,0,0,0,0,0,0,0,1,0,1,0,15,8,7,7,8,6,5,1,3,4,2,2,0,4,1,1,0,2,0.083333333,0.020833333,0.0625,0.041666667,0.041666667,0.020833333,0,0,0.0625,0,0,0,0,0,0,0,0,0,0.071428571,0.035714286,0.035714286,0.017857143,0.053571429,0.017857143,0.017857143,0.017857143,0.017857143,0.076923077,0,0.076923077,0,0.076923077,0,0.076923077,0,0,0.067961165,0.038834951,0.029126214,0.038834951,0.029126214,0.038834951,0.019417476,0,0.009708738,0.125,0.083333333,0.041666667,0,0.125,0.041666667,0.041666667,0,0.041666667,0.072463768,0.033816425,0.038647343,0.033816425,0.038647343,0.028985507,0.014492754,0.004830918,0.024154589,0.105263158,0.052631579,0.052631579,0,0.105263158,0.026315789,0.052631579,0,0.026315789,4.466,3.946,57.75,24.5,2.444632751,2.10977393,1.477423657,1.582012099,1.477423657,1.582012099
41,46,6/19/19,7/10/19,6/24/16,35,App + Info,3,100,100,100,90,90,96,strongly disagree,strongly disagree,mostly disagree,strongly disagree,mostly disagree,strongly disagree,agree,disagree,2,as a toddler,in kindergarten,as an infant,as an infant,definitely not true,definitely true,definitely true,definitely true,definitely true,definitely true,definitely true,probably true,definitely true,probably true,definitely true,definitely not true,definitely true,probably true,definitely not true,definitely true,definitely true,definitely true,38,1988,female,mixed,H.S.,12,english,"10,000 or less",5000,"0 to 49,999",biological mother,6/24/16,male,mixed,yes,yes,no,,10,sometimes,never,seldom,very often,20-Jan,2 years old,6,6,0,100,100,42,strongly disagree,mostly disagree,mostly agree,strongly disagree,strongly agree,strongly agree,strongly agree,mostly disagree,3,in preschool,in elementary,as a baby,in preschool,definitely not true,definitely true,definitely true,probably true,definitely true,definitely true,definitely not true,definitely true,definitely true,probably true,definitely true,probably not true,definitely true,probably not true,probably not true,probably not true,probably true,probably true,36,"english, spanish",no,0,5,4,4,1,9,22,85,32,90,15,82,17,84,3,13,58,54,2,2,39,123,0,13,0,87,86,4,4,103,364,0,37,1,4,12,71,68,2,2,46,126,0,21,0,97,95,3,4,95,342,0,42,1,17,14,12,12,2,2,7,21,0,NA,0,39,32,4,4,57,139,0,27,1,1,13,0,0,0,1,0,0,0,0,0,0,0,0,0,0,0,0,0,2,0,0,0,12,0,0,88,0,1,0,87,0,0,0,0,0,0,0,0,0,0,0,0,0,0,0,0,0,0,0,0,0,2,0,0,63,0,10,0,53,0,0,0,0,0,0,0,0,0,0,0,0,0,0,0,0,0,0,0,0,0,11,0,0,95,0,3,0,92,0,0,0,0,0,0,0,0,0,0,0,0,0,0,0,0,0,0,0,0,0,3,0,0,78,0,13,0,65,0,0,0,0,0,0,0,0,0,0,0,0,0,0,0,0,0,0,0,0,0,19,0,0,44,0,11,0,33,0,0,0,0,0,0,0,0,0,0,0,0,0,0,0,0,0,0,0,0,0,13,0,0,35,0,19,0,16,1,0,1,0,1,1,0,0,0,0,0,0,0,0,0,0,0,0,0,0,0,0,0,0,0,0,0,0,0,0,0,0,0,0,0,0,0,0,0,0,0,0,0,0,0,0,0,0,0,0,0,0,0,0,212,0,0,1,0,0,0,0,0,0,0,0,0,0,0,0,0,134,0,0,0,0,0,0,0,0,0,0,0,0,0,0,0,0,1,0,1,0,1,1,0,0,0,0,0,0,0,0,0,0,0,0,0.011494253,0.011494253,0,0,0.011494253,0.011494253,0,0,0,0,0,0,0,0,0,0,0,0,0,0,0,0,0,0,0,0,0,0,0,0,0,0,0,0,0,0,0,0,0,0,0,0,0,0,0,0,0,0,0,0,0,0,0,0,0.004716981,0.004716981,0,0,0.004716981,0.004716981,0,0,0,0,0,0,0,0,0,0,0,0,4.014,3.652,49.74,27.5,0,0.386416913,0.386416913,0,0,0.386416913
42,47,6/19/19,7/10/19,9/6/16,33,App Only,4,90,90,90,90,90,90,disagree,disagree,mostly agree,disagree,mostly agree,mostly disagree,mostly disagree,mostly agree,3,as a toddler,in kindergarten,as a toddler,as a toddler,probably not true,probably true,definitely true,probably true,definitely true,definitely true,definitely not true,probably not true,probably not true,definitely not true,probably not true,definitely not true,probably not true,definitely not true,probably true,probably true,probably not true,probably true,47,1977,male,mixed,bachelor's,16,english,"50,001 to 75,000",62500,"50,000 to 74,999",adoptive father/uncle,9/6/16,male,african american,yes,yes,yes,My child uses the device on their own,5,sometimes,seldom,never,never,41-60,6 months,90,90,80,90,90,88,strongly disagree,strongly disagree,strongly agree,strongly disagree,strongly agree,strongly disagree,strongly agree,strongly agree,1,as a toddler,in preschool,as a baby,as a baby,definitely not true,definitely true,probably true,probably true,definitely true,definitely true,probably not true,probably not true,probably not true,probably not true,probably not true,probably not true,probably not true,probably not true,probably true,probably true,probably not true,probably true,49,english,yes,0,0,NA,NA,NA,NA,NA,NA,NA,NA,NA,NA,NA,NA,NA,25,25,22,2,3,19,63,0,4,0,50,49,3,4,63,177,0,30,1,2,24,33,25,1,2,15,50,0,4,0,43,42,4,4,76,165,0,48,1,3,22,46,44,2,2,44,89,0,24,0,5,5,4,5,16,23,1,NA,1,0,2,0,0,2,1,0,0,0,0,0,0,0,0,0,0,0,0,0,0,1,1,2,2,0,0,51,0,2,0,49,0,0,0,0,0,0,0,0,0,0,0,0,0,0,0,0,0,0,0,0,0,3,0,0,32,1,10,0,21,0,0,1,1,1,0,0,0,1,0,0,0,0,0,1,0,0,0,1,0,1,2,0,0,43,0,1,0,42,0,1,0,0,0,0,0,0,0,0,0,0,0,0,0,0,0,0,0,0,0,6,0,0,42,0,17,0,25,0,0,0,0,0,0,0,0,0,0,0,0,0,0,0,0,0,0,0,0,0,0,0,0,5,0,0,0,5,0,0,0,0,0,0,0,0,0,0,0,0,0,0,0,0,0,0,0,0,0,0,0,0,12,0,0,0,12,3,0,3,2,1,3,0,0,0,0,0,0,0,0,0,0,0,0,5,2,3,4,1,2,1,1,1,1,1,0,0,1,1,0,0,0,0,0,0,0,0,0,0,0,0,0,0,0,0,0,0,0,0,0,96,0,0,2,3,0,0,0,1,0,1,0,0,0,1,0,0,58,1,0,0,0,0,0,0,0,0,0,0,0,0,0,0,0,8,2,6,6,2,5,1,1,1,1,1,0,0,1,1,0,0,0,0.06122449,0.06122449,0,0.040816327,0.020408163,0.06122449,0,0,0,0,0,0,0,0,0,0,0,0,0.119047619,0.071428571,0.047619048,0.095238095,0.023809524,0.047619048,0.023809524,0.023809524,0.023809524,0.04,0,0.04,0,0.04,0.04,0,0,0,0,0,0,0,0,0,0,0,0,0,0,0,0,0,0,0,0,0,0.083333333,0.0625,0.020833333,0.0625,0.020833333,0.052083333,0.010416667,0.010416667,0.010416667,0.017241379,0,0.017241379,0,0.017241379,0.017241379,0,0,0,3.854,3.552,42.58,7.56,1.002152022,2.233592222,1.981001469,1.126011263,1.981001469,1.126011263
43,48,6/19/19,7/11/19,5/21/16,36,App + Info,3,0,100,100,100,100,80,disagree,disagree,agree,disagree,agree,disagree,agree,mostly agree,2,as a toddler,as a toddler,as a baby,as an infant,probably true,definitely true,definitely true,definitely true,definitely true,definitely true,probably not true,probably true,probably not true,probably not true,probably not true,probably not true,probably true,probably not true,probably not true,probably not true,probably true,probably not true,49,1985,female,white,bachelor's,16,english,"125,001 to 150,000",137500,"50,000 to 74,999",biological mother,5/21/16,female,white,yes,yes,no,My child uses the device on their own,15,sometimes,sometimes,sometimes,seldom,21-40,1 year old,10,100,100,100,100,82,disagree,disagree,mostly agree,disagree,mostly agree,disagree,mostly disagree,mostly agree,3,as a baby,as a baby,as a baby,as a baby,probably not true,definitely true,definitely true,definitely true,definitely true,definitely true,probably not true,probably not true,definitely not true,probably true,probably true,definitely not true,definitely not true,probably not true,definitely not true,definitely not true,probably not true,definitely not true,58,,yes,0,0,4,3,3,10,22,85,20,83,43,94,21,85,0,8,11,10,2,2,15,24,1,NA,0,74,73,4,5,108,330,0,51,1,1,27,37,30,2,2,41,82,1,26,0,99,99,4,4,116,405,0,54,1,4,39,35,25,2,2,46,86,1,29,0,74,74,6,7,119,448,0,33,1,3,42,1,0,1,0,0,1,0,0,0,0,0,0,0,0,0,0,0,0,1,0,0,2,0,0,75,0,1,0,74,0,0,0,0,0,0,0,0,0,0,0,0,0,0,0,0,0,0,0,1,0,0,0,0,19,1,8,0,10,0,0,0,1,0,0,1,0,0,0,0,0,0,0,1,0,0,0,3,1,1,3,0,0,99,0,0,0,99,0,0,0,0,0,0,0,0,0,0,0,0,0,0,0,0,0,0,1,0,0,0,0,0,41,0,11,0,30,0,0,2,1,0,0,1,0,0,0,1,0,0,0,0,0,7,0,6,0,2,8,0,0,74,0,0,0,74,0,0,0,1,0,0,0,0,0,0,0,0,0,0,0,0,0,1,0,3,1,9,0,0,50,0,6,0,44,3,2,1,2,1,2,0,0,1,0,0,0,0,0,0,0,0,0,3,0,3,2,1,1,1,0,1,0,0,0,0,0,0,0,0,0,5,0,5,4,1,3,0,1,1,1,0,1,0,1,1,0,0,0,247,0,1,2,3,0,0,0,1,0,0,0,1,1,0,0,2,84,0,0,1,0,0,0,0,0,0,0,0,0,0,0,0,0,11,2,9,8,3,6,1,1,3,1,0,1,0,1,1,0,0,0,0.040540541,0.013513514,0.027027027,0.027027027,0.013513514,0.027027027,0.013513514,0,0,0,0,0,0,0,0,0,0,0,0.03030303,0.03030303,0,0.02020202,0.01010101,0.01010101,0.01010101,0,0.01010101,0,0,0,0,0,0,0,0,0,0.067567568,0.067567568,0,0.054054054,0.013513514,0.040540541,0.013513514,0.013513514,0,0.022727273,0.022727273,0,0,0.022727273,0.022727273,0,0,0,0.044534413,0.036437247,0.008097166,0.032388664,0.012145749,0.024291498,0.012145749,0.004048583,0.004048583,0.011904762,0.011904762,0,0,0.011904762,0.011904762,0,0,0,5.163,4.598,59.53,38.03,0.784118959,1.69624684,1.535516781,0.593170258,1.444295874,0.795060466
44,50,6/20/19,7/11/19,7/1/16,35,App + Info,2,85,100,90,90,100,93,strongly disagree,strongly disagree,strongly agree,strongly disagree,strongly agree,strongly disagree,strongly agree,strongly agree,1,as a toddler,as a toddler,as a toddler,as a baby,definitely not true,probably true,probably true,definitely true,definitely true,definitely true,probably not true,definitely not true,probably true,definitely not true,probably not true,definitely not true,probably not true,definitely not true,probably true,probably true,probably not true,probably not true,53,1982,female,mixed,some college,14,english,"10,001 to 20,000",15000,"0 to 49,999",biological mother,7/1/16,female,mixed,yes,yes,no,Both,15,very often,never,never,very often,more than 60,6 months,85,100,95,75,100,91,strongly disagree,strongly disagree,strongly agree,strongly disagree,agree,strongly disagree,strongly agree,strongly agree,1,as a toddler,as a toddler,as a baby,as a baby,probably not true,probably true,probably true,probably true,definitely true,probably true,probably not true,probably not true,definitely true,probably not true,probably not true,definitely not true,probably not true,definitely not true,probably true,probably true,probably not true,probably not true,48,english,,0,3,6,4,0,10,51,100,32,90,5,73,23,86,9,28,26,22,3,3,30,69,0,13,1,99,89,4,4,88,359,0,34,1,3,58,45,42,2,2,40,96,0,18,0,90,84,3,4,95,331,0,36,1,2,42,51,44,3,4,87,191,0,42,1,112,96,3,3,115,345,0,36,1,0,60,0,0,0,1,0,0,0,0,0,0,0,0,0,0,0,0,0,0,0,2,0,10,0,0,100,0,11,0,89,0,0,0,0,0,0,0,0,0,0,0,0,0,0,0,0,0,0,0,0,0,0,0,0,35,1,12,0,22,0,0,1,0,0,2,0,1,0,0,0,0,0,0,0,0,1,1,1,4,0,0,0,0,93,0,9,0,84,0,0,0,0,0,0,0,0,0,0,0,0,0,0,0,0,0,1,0,1,0,0,0,0,47,0,5,0,42,0,0,2,1,1,0,1,1,0,0,0,0,0,0,0,0,1,0,10,5,3,3,0,0,118,0,22,0,96,0,0,0,1,0,1,0,1,0,0,0,0,0,0,0,0,0,3,0,8,2,0,0,0,55,0,13,0,42,1,0,1,0,1,1,0,0,0,0,0,0,0,0,0,0,0,0,4,2,2,1,3,1,0,0,3,0,0,0,0,0,0,0,0,0,6,1,5,4,2,3,0,0,3,3,1,2,0,3,1,0,0,2,269,0,0,2,3,0,0,0,0,0,0,0,0,2,1,2,1,106,0,0,1,0,0,0,0,0,0,0,0,0,1,0,1,0,11,3,8,5,6,5,0,0,6,3,1,2,0,3,1,0,0,2,0.011235955,0.011235955,0,0,0.011235955,0.011235955,0,0,0,0,0,0,0,0,0,0,0,0,0.047619048,0.023809524,0.023809524,0.011904762,0.035714286,0.011904762,0.035714286,0,0,0,0,0,0,0,0,0,0,0,0.0625,0.052083333,0.010416667,0.041666667,0.020833333,0.03125,0.03125,0,0,0.071428571,0.047619048,0.023809524,0,0.071428571,0.023809524,0.047619048,0,0,0.040892193,0.029739777,0.011152416,0.018587361,0.022304833,0.018587361,0.022304833,0,0,0.028301887,0.018867925,0.009433962,0,0.028301887,0.009433962,0.018867925,0,0,3.799,3.331,47.18,19.79,1.342914065,1.627124446,1.379767531,0.749169055,1.05037959,1.172631746
45,51,6/20/19,7/11/19,3/17/15,51,App Only,4,30,90,90,90,75,75,strongly disagree,strongly disagree,strongly agree,strongly disagree,strongly agree,agree,agree,agree,2,in preschool,in preschool,as a toddler,as an infant,definitely not true,probably true,probably true,probably true,definitely true,probably true,probably not true,probably not true,probably true,probably not true,definitely true,probably true,probably not true,probably not true,definitely true,probably true,definitely not true,probably true,42,1985,female,white,H.S.,12,english,"30,001 to 40,000",35000,"0 to 49,999",biological mother,3/17/15,female,white,yes,yes,no,Both,20,often,seldom,often,seldom,21-40,6 months,30,100,80,90,90,78,strongly disagree,strongly disagree,agree,strongly disagree,agree,disagree,agree,agree,2,in preschool,in kindergarten,as a baby,as a baby,definitely not true,definitely true,probably true,definitely true,probably true,probably true,probably true,probably not true,probably true,probably not true,probably true,probably not true,probably true,probably not true,definitely true,probably true,probably not true,probably true,41,english,no,0,2,11,11,6,28,62,102,69,104,34,93,69,101,NA,53,21,20,3,3,42,63,1,49,1,25,25,5,5,62,115,1,45,1,2,13,38,37,4,4,72,148,0,40,1,48,47,4,4,77,210,0,37,1,9,13,53,48,2,2,47,92,1,27,0,64,63,4,4,96,257,0,35,1,5,23,0,0,1,0,0,0,1,0,1,1,0,0,0,0,2,0,0,0,4,0,2,0,1,0,25,0,0,0,25,0,0,0,0,0,1,0,1,0,1,0,0,0,0,0,2,0,0,0,3,1,0,1,0,21,0,1,0,20,0,0,1,1,0,0,2,1,0,0,0,0,0,0,1,0,0,0,3,4,3,0,0,0,48,0,1,0,47,0,0,1,1,0,0,0,2,0,0,0,0,0,0,0,1,0,0,3,3,3,2,0,0,38,0,1,0,37,0,0,0,0,1,0,0,0,0,0,0,0,0,0,0,0,0,0,0,0,0,0,0,0,64,0,1,0,63,0,2,0,1,0,1,0,0,0,1,0,0,0,0,0,0,0,0,0,0,0,0,0,0,53,0,9,0,44,6,2,4,5,1,1,2,2,1,5,2,3,0,5,0,2,1,2,6,0,6,4,2,2,1,0,3,5,0,5,1,4,2,1,0,2,1,1,0,1,0,0,0,0,1,5,4,1,0,5,3,0,1,1,135,0,0,1,2,0,0,0,3,1,1,0,0,0,1,1,3,101,2,0,2,1,0,0,3,0,2,0,0,0,2,0,3,0,13,3,10,10,3,3,3,2,5,15,6,9,1,14,5,3,2,5,0.24,0.16,0.08,0.2,0.04,0.04,0.04,0.08,0.08,0.25,0.15,0.1,0,0.25,0,0.1,0.05,0.1,0.127659574,0.127659574,0,0.085106383,0.042553191,0.042553191,0.063829787,0,0.021276596,0.135135135,0.135135135,0,0.027027027,0.108108108,0.054054054,0.054054054,0,0.027027027,0.015873016,0,0.015873016,0.015873016,0,0,0.015873016,0,0,0.113636364,0.022727273,0.090909091,0,0.113636364,0.068181818,0.022727273,0.022727273,0,0.096296296,0.074074074,0.022222222,0.074074074,0.022222222,0.022222222,0.037037037,0.014814815,0.022222222,0.148514851,0.089108911,0.059405941,0.00990099,0.138613861,0.04950495,0.04950495,0.01980198,0.02970297,4.378,4,46.31,54.84,2.763263196,2.36364535,2.129113151,1.170071253,2.129113151,1.170071253
46,52,6/20/19,7/11/19,8/26/16,33,App + Info,2,70,100,100,100,100,94,strongly disagree,strongly disagree,strongly agree,strongly disagree,mostly agree,strongly disagree,strongly agree,strongly agree,1,as an infant,as a baby,as an infant,as an infant,probably not true,definitely true,definitely true,definitely true,definitely true,definitely true,probably not true,probably not true,probably not true,definitely not true,probably not true,probably not true,definitely not true,definitely not true,probably not true,definitely not true,probably not true,probably not true,61,1979,female,african american,bachelor's,16,english,"100,001 to 125,000",112500,"50,000 to 74,999",biological mother,8/26/16,male,african american,yes,yes,no,Both,30,very often,never,often,often,20-Jan,1 week,90,100,100,100,90,96,strongly disagree,strongly disagree,strongly disagree,strongly disagree,agree,disagree,agree,agree,2,as a toddler,as a toddler,as a baby,as an infant,probably not true,definitely true,probably true,definitely true,probably true,definitely true,probably not true,probably not true,definitely not true,definitely not true,probably not true,definitely not true,probably not true,definitely not true,definitely true,probably true,probably not true,probably true,53,english,no,59,0,5,3,2,10,32,93,20,83,32,88,23,86,0,70,42,41,2,2,31,68,0,13,0,120,118,6,6,110,697,0,33,1,0,65,39,36,2,2,35,71,0,21,0,108,106,4,5,112,479,0,43,1,1,42,58,51,2,2,64,134,0,35,0,97,94,5,5,117,474,0,29,1,1,74,0,0,0,0,0,0,0,0,0,0,0,0,0,0,1,0,0,0,4,1,1,0,0,0,120,0,2,0,118,0,0,0,0,0,0,0,0,0,0,0,0,0,0,0,1,0,0,0,4,1,1,0,0,43,0,2,0,41,0,1,0,0,0,0,0,1,0,0,0,0,0,0,0,0,0,0,0,3,1,0,0,0,109,0,3,0,106,0,0,0,0,0,0,0,0,0,0,0,0,0,0,0,0,0,0,0,0,0,0,0,0,41,0,5,0,36,0,0,1,0,2,0,0,0,0,0,0,0,0,0,0,0,8,1,9,0,0,9,0,0,97,0,4,0,93,0,0,0,0,0,2,0,0,0,0,0,0,0,0,0,0,0,7,0,7,0,4,0,0,59,0,22,0,37,1,0,1,1,0,0,1,0,0,1,0,1,0,1,0,1,0,0,2,1,1,0,2,1,0,0,1,0,0,0,0,0,0,0,0,0,3,2,1,3,0,1,0,0,2,2,2,0,0,2,0,0,0,2,317,1,0,0,1,0,0,0,1,0,0,0,0,0,2,1,0,114,0,0,0,0,0,0,1,0,0,0,0,0,2,0,0,0,6,3,3,4,2,2,1,0,3,3,2,1,0,3,0,1,0,2,0.008474576,0.008474576,0,0.008474576,0,0,0,0,0.008474576,0.024390244,0.024390244,0,0,0.024390244,0,0,0,0.024390244,0.018867925,0.009433962,0.009433962,0,0.018867925,0.009433962,0.009433962,0,0,0,0,0,0,0,0,0,0,0,0.032258065,0.010752688,0.021505376,0.032258065,0,0.010752688,0.021505376,0,0,0.054054054,0,0.054054054,0,0.054054054,0,0.054054054,0,0,0.018927445,0.009463722,0.009463722,0.012618297,0.006309148,0.006309148,0.009463722,0,0.003154574,0.026315789,0.00877193,0.01754386,0,0.026315789,0,0.01754386,0,0.00877193,5.377,4.89,43.33,29.66,1.289667525,1.062205698,0.66596725,0.66596725,0.816174067,0.489141101
47,53,6/20/19,7/11/19,6/4/15,48,App Only,1,25,100,100,100,50,75,mostly disagree,mostly disagree,mostly agree,mostly disagree,mostly agree,mostly agree,mostly agree,mostly agree,3,as a toddler,in preschool,as a toddler,as a baby,probably not true,probably true,probably not true,definitely true,definitely true,definitely true,probably not true,definitely not true,definitely not true,definitely not true,probably not true,definitely not true,definitely not true,definitely not true,probably not true,probably not true,probably not true,definitely not true,58,1983,female,white,bachelor's,16,english,,NA,"50,000 to 74,999",biological mother,6/4/15,male,white,yes,yes,no,I use the device with my child,15,very often,sometimes,seldom,seldom,more than 60,4 months,60,100,90,100,90,88,mostly disagree,mostly disagree,mostly agree,disagree,mostly agree,mostly disagree,,mostly agree,3,as a toddler,in preschool,as a toddler,as a baby,probably not true,definitely true,probably not true,definitely true,definitely true,definitely true,probably not true,definitely not true,definitely not true,definitely not true,probably true,definitely not true,definitely not true,definitely not true,probably not true,probably not true,probably true,probably not true,56,english,yes,7,5,14,12,9,35,89,118,76,108,51,100,82,107,NA,44,31,30,4,4,49,112,0,32,1,76,72,7,8,147,518,0,47,1,4,13,28,24,4,4,48,97,0,32,1,67,66,6,6,141,402,0,58,1,9,14,61,61,3,3,90,170,1,56,0,97,94,6,7,163,604,0,40,1,6,37,0,4,0,2,0,0,0,0,0,0,0,0,0,0,0,0,0,0,1,5,0,11,0,0,77,0,5,0,72,0,0,0,0,0,0,0,0,0,0,0,0,0,0,0,0,0,0,0,1,0,2,0,0,32,1,1,0,30,0,1,1,11,0,0,0,3,0,0,0,3,0,0,0,0,0,0,1,8,3,3,0,0,69,0,3,0,66,0,0,2,0,0,0,0,0,0,0,0,0,0,0,0,0,0,0,0,3,0,2,0,0,32,0,9,0,23,0,0,4,8,0,5,0,4,0,0,0,3,0,0,1,0,0,1,13,6,7,0,0,0,97,0,4,0,93,0,0,2,3,0,0,1,1,0,0,0,0,0,1,0,0,0,0,1,8,2,0,0,0,59,0,10,0,49,6,4,2,0,6,6,0,0,0,0,0,0,0,0,0,0,0,0,19,1,18,1,18,13,0,3,3,2,0,2,2,0,2,0,0,0,25,5,20,5,20,12,1,3,9,8,1,7,3,5,5,1,0,2,231,5,0,21,5,0,0,0,1,0,0,6,0,5,0,7,0,102,0,0,3,4,1,0,0,0,0,0,0,0,0,0,1,1,50,10,40,6,44,31,1,6,12,10,1,9,5,5,7,1,0,2,0.083333333,0.027777778,0.055555556,0,0.083333333,0.083333333,0,0,0,0,0,0,0,0,0,0,0,0,0.287878788,0.272727273,0.015151515,0.015151515,0.272727273,0.196969697,0.045454545,0.045454545,0,0.086956522,0.086956522,0,0.086956522,0,0.086956522,0,0,0,0.268817204,0.215053763,0.053763441,0.053763441,0.215053763,0.129032258,0.096774194,0.032258065,0.010752688,0.163265306,0.142857143,0.020408163,0.06122449,0.102040816,0.102040816,0.040816327,0,0.020408163,0.216450216,0.173160173,0.043290043,0.025974026,0.19047619,0.134199134,0.051948052,0.025974026,0.004329004,0.098039216,0.088235294,0.009803922,0.049019608,0.049019608,0.068627451,0.019607843,0,0.009803922,6.866,6.116,53.11,44.91,2.379909176,3.119940033,2.90777594,1.673164416,1.280212084,2.998110396
48,54,6/21/19,7/11/19,10/23/15,43,App + Info,2,100,100,100,100,100,100,disagree,disagree,mostly agree,disagree,mostly agree,disagree,mostly agree,mostly agree,3,as an infant,as a toddler,as a baby,as an infant,probably true,definitely true,probably true,probably true,probably true,definitely true,probably not true,definitely not true,definitely not true,definitely not true,definitely not true,probably not true,probably not true,probably not true,definitely not true,probably not true,probably not true,probably not true,58,1983,female,white,master's degree,18,english,"200,001 to 250,000",225000,"75,000 to 99,999",biological mother,10/23/15,male,white,yes,yes,no,I use the device with my child,45,very often,very often,often,very often,more than 60,0,100,100,100,100,100,100,disagree,disagree,mostly agree,disagree,mostly agree,disagree,agree,mostly agree,2,as a baby,as a toddler,as a baby,as an infant,probably not true,definitely true,probably true,definitely true,probably true,definitely true,definitely not true,probably not true,probably not true,probably not true,definitely not true,probably not true,probably not true,probably not true,definitely not true,probably not true,probably true,probably not true,56,english,yes,2,10,11,9,12,32,86,113,84,113,91,120,92,118,2,35,33,29,3,4,49,114,0,28,1,80,77,5,6,120,428,0,43,1,5,37,22,22,3,3,36,60,1,29,0,59,59,5,6,103,304,0,36,1,5,28,25,23,2,2,22,56,0,8,0,94,93,7,8,167,679,0,38,1,5,75,0,1,1,2,1,0,1,2,0,0,0,0,0,0,1,0,2,0,2,1,2,2,1,0,80,0,3,0,77,0,1,1,2,0,0,0,0,0,0,0,0,0,0,0,0,0,0,0,2,2,0,0,0,34,0,5,0,29,1,0,0,1,1,1,0,0,0,0,0,0,0,0,0,0,0,0,0,2,0,9,0,0,59,0,0,0,59,0,0,1,0,0,0,0,0,0,0,0,0,0,0,0,0,0,0,0,0,0,0,0,0,22,0,0,0,22,2,0,5,0,0,0,7,2,0,0,0,0,1,0,0,0,4,0,5,1,5,3,0,0,95,0,1,0,94,0,2,0,3,0,1,0,3,0,0,0,0,0,1,0,0,1,2,0,2,3,2,0,0,62,0,2,0,60,9,2,7,4,5,4,1,0,4,4,1,3,1,3,4,0,0,0,4,3,1,2,2,2,0,0,2,1,0,1,1,0,1,0,0,0,17,3,14,15,2,7,1,0,9,10,4,6,0,10,5,1,0,4,230,1,3,3,6,0,1,0,1,0,0,0,0,1,2,4,8,111,3,0,5,2,1,0,0,0,0,0,0,0,1,0,3,0,30,8,22,21,9,13,2,0,15,15,5,10,2,13,10,1,0,4,0.116883117,0.090909091,0.025974026,0.051948052,0.064935065,0.051948052,0.051948052,0,0.012987013,0.137931034,0.103448276,0.034482759,0.034482759,0.103448276,0.137931034,0,0,0,0.06779661,0.016949153,0.050847458,0.033898305,0.033898305,0.033898305,0.033898305,0,0,0.045454545,0.045454545,0,0.045454545,0,0.045454545,0,0,0,0.180851064,0.14893617,0.031914894,0.159574468,0.021276596,0.074468085,0.095744681,0,0.010638298,0.166666667,0.1,0.066666667,0,0.166666667,0.083333333,0.066666667,0,0.016666667,0.130434783,0.095652174,0.034782609,0.091304348,0.039130435,0.056521739,0.065217391,0,0.008695652,0.135135135,0.09009009,0.045045045,0.018018018,0.117117117,0.09009009,0.036036036,0,0.009009009,6.57,5.791,45.69,58.64,2.675080182,2.642158107,2.357567227,1.499234772,2.315544238,1.591893603
49,55,6/21/19,7/12/19,5/20/16,37,App + Info,2,100,100,75,75,100,90,strongly disagree,disagree,mostly agree,disagree,mostly agree,mostly disagree,mostly agree,mostly agree,3,in preschool,in kindergarten,as a toddler,as an infant,definitely not true,definitely true,definitely true,definitely true,definitely true,definitely true,probably not true,definitely not true,probably true,probably not true,probably not true,definitely not true,probably true,definitely not true,probably true,probably not true,probably true,probably not true,49,1985,female,white,some college,14,english,"20,0001 to 30,000",25000,"0 to 49,999",biological mother,5/20/16,male,mixed,yes,yes,yes,Both,30,often,seldom,seldom,often,21-40,newborn,100,90,80,90,100,92,disagree,disagree,mostly agree,disagree,mostly agree,mostly disagree,mostly agree,mostly agree,3,as a baby,as a toddler,as a baby,as an infant,probably not true,definitely true,probably not true,definitely true,definitely true,definitely true,probably not true,probably not true,probably true,probably not true,probably not true,probably not true,probably true,definitely not true,probably not true,probably not true,probably not true,probably not true,55,"english, spanish",yes,24,4,4,8,3,15,22,85,77,110,43,94,58,97,0,25,26,20,2,2,30,53,1,21,0,65,65,4,5,91,275,0,37,1,2,20,39,38,2,2,36,89,0,14,0,61,60,3,4,87,208,0,47,1,0,13,5,5,4,4,21,22,1,NA,0,51,51,4,4,72,208,0,23,1,0,29,0,0,0,0,0,2,0,1,0,0,0,0,0,0,0,0,0,0,0,1,1,0,0,0,66,0,1,0,65,0,0,0,0,0,1,0,0,0,0,0,0,0,0,0,0,0,0,0,0,0,0,0,0,26,0,7,0,19,0,1,0,0,0,0,2,0,0,0,0,0,0,0,0,0,0,0,3,3,2,0,0,0,61,0,1,0,60,0,0,0,0,0,0,0,2,0,0,0,0,0,0,0,0,0,1,0,5,2,0,0,0,42,0,4,0,38,0,0,0,0,0,0,0,0,0,0,0,0,0,0,0,0,2,1,2,1,0,2,0,0,54,0,1,0,53,0,0,0,0,0,0,0,1,0,0,0,0,0,0,0,0,0,0,0,3,1,0,0,0,28,0,5,0,23,3,2,1,0,3,0,0,0,3,1,1,0,0,1,0,0,0,1,3,1,2,2,1,1,0,0,2,2,0,2,0,2,0,0,0,2,0,0,0,0,0,0,0,0,0,1,0,1,0,1,0,0,0,1,178,1,0,0,0,0,0,0,0,0,0,0,0,2,0,1,2,80,0,0,0,0,0,0,0,0,0,0,0,0,1,0,3,0,6,3,3,2,4,1,0,0,5,4,1,3,0,4,0,0,0,4,0.046153846,0.015384615,0.030769231,0,0.046153846,0,0.046153846,0,0,0.052631579,0,0.052631579,0,0.052631579,0,0.052631579,0,0,0.05,0.033333333,0.016666667,0.033333333,0.016666667,0.016666667,0.033333333,0,0,0.052631579,0.052631579,0,0,0.052631579,0,0.052631579,0,0,0,0,0,0,0,0,0,0,0,0.043478261,0.043478261,0,0,0.043478261,0,0.043478261,0,0,0.033707865,0.016853933,0.016853933,0.011235955,0.02247191,0.005617978,0.028089888,0,0,0.05,0.0375,0.0125,0,0.05,0,0.05,0,0,4.136,3.812,38.28,22.33,1.791759469,1.474942974,0.987827182,0.987827182,0.753110645,1.177790318
50,57,6/24/19,7/15/19,2/27/15,51,App Only,1,70,100,90,100,90,90,mostly agree,mostly agree,mostly disagree,mostly agree,mostly disagree,mostly agree,mostly disagree,mostly disagree,4,in preschool,in preschool,as a baby,as an infant,probably true,definitely true,definitely not true,definitely true,definitely true,definitely true,probably not true,definitely not true,probably true,probably not true,probably not true,probably not true,probably not true,definitely not true,definitely not true,probably not true,definitely not true,probably not true,56,1988,female,white,master's degree,18,english,"30,001 to 40,000",35000,"0 to 49,999",biological mother,2/27/15,male,white,yes,yes,no,I use the device with my child,20,very often,sometimes,sometimes,seldom,more than 60,2-3 months,50,100,90,100,90,86,mostly agree,mostly agree,mostly disagree,mostly agree,disagree,mostly agree,mostly disagree,disagree,4,in preschool,in kindergarten,as a baby,as an infant,probably not true,definitely true,probably not true,definitely true,definitely true,definitely true,probably not true,probably not true,probably not true,definitely not true,probably not true,probably not true,probably not true,definitely not true,definitely not true,definitely not true,probably not true,definitely not true,57,english,yes,44,9,15,13,13,41,96,125,82,112,81,110,93,117,NA,23,14,10,4,5,37,62,1,31,1,40,37,4,5,86,188,0,51,1,1,17,8,8,4,4,18,30,1,NA,1,38,36,4,4,70,157,0,45,1,1,10,54,48,3,3,62,162,0,25,1,21,19,4,4,45,104,0,26,1,0,3,0,0,1,1,0,0,1,0,0,0,0,1,1,0,1,0,0,0,3,1,1,0,0,0,41,0,4,0,37,0,0,0,1,0,0,1,0,0,0,0,1,0,0,0,1,0,0,0,4,2,0,0,0,17,2,6,0,9,0,0,0,1,0,1,0,1,0,0,0,0,0,0,0,0,0,0,0,1,0,0,0,0,39,0,3,0,36,0,0,0,0,0,0,0,0,0,0,0,0,0,0,0,0,0,0,0,0,0,0,0,0,9,1,0,0,8,0,0,0,0,0,0,0,0,0,0,0,0,0,0,0,0,0,0,0,0,0,14,0,0,22,0,3,0,19,0,0,0,0,0,0,0,0,0,0,0,0,0,0,0,0,0,0,0,0,0,2,0,0,6,0,1,0,5,6,1,5,4,2,2,2,1,1,4,0,4,1,3,1,1,1,1,3,1,2,0,3,1,0,0,2,0,0,0,0,0,0,0,0,0,0,0,0,0,0,0,0,0,0,0,0,0,0,0,0,0,0,0,92,0,0,2,1,0,1,0,1,0,0,1,0,1,0,1,1,22,0,0,1,0,0,0,1,0,0,0,1,0,0,0,0,1,9,2,7,4,5,3,2,1,3,4,0,4,1,3,1,1,1,1,0.162162162,0.135135135,0.027027027,0.108108108,0.054054054,0.054054054,0.027027027,0.027027027,0.054054054,0.444444444,0.444444444,0,0.111111111,0.333333333,0.111111111,0.111111111,0.111111111,0.111111111,0.083333333,0.055555556,0.027777778,0,0.083333333,0.027777778,0.055555556,0,0,0,0,0,0,0,0,0,0,0,0,0,0,0,0,0,0,0,0,0,0,0,0,0,0,0,0,0,0.097826087,0.076086957,0.02173913,0.043478261,0.054347826,0.032608696,0.032608696,0.010869565,0.02173913,0.181818182,0.181818182,0,0.045454545,0.136363636,0.045454545,0.045454545,0.045454545,0.045454545,4.663,4.043,51.04,33.25,2.953962861,2.37793453,2.152772815,1.154965225,1.676690139,1.861718058
51,58,6/21/19,7/15/19,5/4/15,49,App + Info,4,50,100,100,100,80,86,mostly agree,strongly disagree,strongly disagree,disagree,agree,strongly disagree,strongly agree,strongly agree,2,in kindergarten,in kindergarten,in kindergarten,as a toddler,definitely not true,probably true,definitely true,probably true,definitely true,definitely true,probably true,probably true,definitely true,probably not true,definitely true,probably not true,definitely true,probably not true,definitely not true,probably not true,definitely not true,probably not true,37,1989,female,white,some graduate,17,english,"40,0001 to 50,000",45000,"0 to 49,999",biological mother,5/4/15,female,mixed,yes,yes,yes,Both,60,very often,often,sometimes,seldom,21-40,6 months,50,100,100,90,100,88,strongly disagree,strongly disagree,strongly disagree,strongly disagree,strongly agree,strongly disagree,disagree,agree,2,in kindergarten,in elementary,in kindergarten,in kindergarten,definitely not true,probably true,probably true,probably true,definitely true,definitely true,definitely not true,probably true,definitely true,probably not true,definitely true,probably not true,definitely true,probably not true,probably not true,probably true,definitely not true,probably not true,35,english,yes,0,3,9,8,7,24,45,97,46,97,42,95,56,97,0,38,53,50,4,4,82,210,0,44,1,62,62,4,5,85,254,0,41,1,1,18,53,51,4,4,78,213,0,41,1,74,73,4,5,97,311,0,38,1,2,22,60,57,4,4,93,240,0,38,1,113,109,3,3,122,377,0,46,1,0,36,0,1,1,1,0,1,0,1,0,0,0,0,0,0,2,0,0,0,1,1,1,0,0,0,64,0,1,0,63,0,0,0,5,0,0,0,0,0,0,0,0,0,1,1,0,0,0,0,2,1,2,0,0,55,0,5,0,50,1,1,1,1,0,0,0,0,0,0,0,0,0,0,1,0,0,0,0,0,0,1,0,0,75,0,2,0,73,0,1,0,2,0,1,0,0,0,0,0,0,0,1,0,0,0,0,0,0,0,0,0,0,53,0,2,0,51,0,0,0,0,1,1,0,1,0,0,0,0,0,0,0,0,0,0,1,1,0,0,0,0,116,0,5,0,111,0,2,0,0,0,1,0,2,0,0,0,0,0,0,0,0,0,0,0,0,0,0,0,0,56,0,9,0,47,7,2,5,3,4,3,2,0,2,7,1,6,1,6,5,2,0,0,5,2,3,3,2,4,1,0,0,5,3,2,0,5,3,1,0,1,3,2,1,1,2,0,0,0,3,5,3,2,0,5,2,0,0,3,247,2,1,2,2,0,0,0,3,0,0,0,0,2,1,2,0,148,3,0,7,0,2,0,0,1,0,0,0,0,2,0,2,0,15,6,9,7,8,7,3,0,5,17,7,10,1,16,10,3,0,4,0.111111111,0.079365079,0.031746032,0.047619048,0.063492063,0.047619048,0.031746032,0,0.031746032,0.14,0.12,0.02,0.02,0.12,0.1,0,0,0.04,0.068493151,0.04109589,0.02739726,0.04109589,0.02739726,0.054794521,0,0,0.01369863,0.098039216,0.039215686,0.058823529,0,0.098039216,0.058823529,0.019607843,0,0.019607843,0.027027027,0.009009009,0.018018018,0.009009009,0.018018018,0,0.027027027,0,0,0.106382979,0.042553191,0.063829787,0,0.106382979,0.042553191,0.063829787,0,0,0.060728745,0.036437247,0.024291498,0.028340081,0.032388664,0.028340081,0.020242915,0,0.012145749,0.114864865,0.067567568,0.047297297,0.006756757,0.108108108,0.067567568,0.027027027,0,0.02027027,4.061,3.639,52.11,47.47,2.524646978,1.956266974,1.535516781,1.232312358,1.343910757,1.444295874
52,59,6/24/19,7/15/19,9/26/15,44,App + Info,2,100,100,100,100,100,100,strongly disagree,strongly disagree,agree,disagree,agree,disagree,mostly agree,agree,2,as a toddler,as a toddler,as a toddler,as a baby,probably not true,probably true,probably true,definitely true,definitely true,probably true,probably true,definitely not true,probably true,definitely not true,probably true,definitely not true,probably not true,definitely not true,probably not true,probably not true,probably not true,definitely not true,52,1983,male,white,associate's,14,english,"100,001 to 125,000",112500,"75,000 to 99,999",biological father,9/26/15,female,white,yes,no,no,I use the device with my child,90,very often,often,sometimes,sometimes,more than 60,1 week old,100,100,100,100,100,100,disagree,disagree,agree,disagree,agree,disagree,disagree,agree,2,as a toddler,in preschool,as a toddler,as a baby,probably not true,definitely true,probably true,definitely true,definitely true,definitely true,probably not true,definitely not true,probably not true,definitely not true,probably not true,definitely not true,probably not true,definitely not true,probably not true,probably not true,probably not true,definitely not true,56,english,no,0,3,10,9,13,32,80,110,84,113,94,123,92,118,0,37,50,48,3,3,70,166,0,40,1,61,58,5,6,117,328,0,49,1,0,29,64,64,5,6,113,338,0,42,1,54,54,3,4,91,195,0,56,1,2,14,37,34,2,2,47,66,1,61,0,81,77,5,6,132,436,0,31,1,1,38,1,0,2,2,0,0,0,0,0,0,1,0,0,0,1,0,0,0,1,0,0,2,0,0,62,0,4,0,58,0,2,0,4,0,0,0,0,0,0,0,2,0,0,0,1,0,0,0,1,2,1,0,0,51,0,3,0,48,1,0,0,1,0,0,0,0,0,1,0,0,0,0,1,0,1,2,0,1,0,5,0,0,54,0,0,0,54,0,3,1,6,0,2,0,2,0,0,0,0,0,0,0,1,0,2,0,5,2,1,1,0,65,0,1,0,64,1,0,5,1,2,2,2,0,1,0,0,0,0,0,0,0,1,1,8,1,4,0,0,0,81,0,4,0,77,0,1,0,4,0,3,0,4,0,1,0,1,0,0,0,0,0,1,0,7,4,0,0,0,61,0,4,0,57,7,1,6,5,2,5,1,1,0,9,2,7,0,9,6,1,2,0,4,2,2,2,2,2,1,1,0,15,5,10,1,14,10,1,0,4,14,6,8,11,3,7,0,1,6,14,5,9,0,14,5,0,2,7,189,0,3,4,7,0,0,0,2,1,1,0,1,2,2,0,2,169,6,0,14,1,0,0,2,0,1,0,3,0,5,0,6,0,25,9,16,18,7,14,2,3,6,38,12,26,1,37,21,2,4,11,0.120689655,0.103448276,0.017241379,0.086206897,0.034482759,0.086206897,0,0.017241379,0.017241379,0.1875,0.145833333,0.041666667,0,0.1875,0.125,0,0.041666667,0.020833333,0.074074074,0.037037037,0.037037037,0.037037037,0.037037037,0.037037037,0,0.018518519,0.018518519,0.234375,0.15625,0.078125,0.015625,0.21875,0.15625,0.0625,0,0.015625,0.181818182,0.103896104,0.077922078,0.142857143,0.038961039,0.090909091,0.077922078,0.012987013,0,0.245614035,0.157894737,0.087719298,0,0.245614035,0.087719298,0.122807018,0.035087719,0,0.132275132,0.084656085,0.047619048,0.095238095,0.037037037,0.074074074,0.031746032,0.015873016,0.010582011,0.224852071,0.153846154,0.071005917,0.00591716,0.218934911,0.124260355,0.065088757,0.023668639,0.01183432,5.307,4.688,51.51,46.34,3.156370738,2.655177641,2.247665068,1.751268108,2.353640264,1.54835022
53,60,6/24/19,7/18/19,7/21/15,47,App Only,4,75,100,100,75,75,85,strongly disagree,strongly disagree,strongly agree,strongly disagree,agree,disagree,agree,agree,2,as a toddler,as a toddler,as a toddler,as a baby,definitely not true,definitely true,probably true,definitely true,definitely true,definitely true,probably true,probably not true,definitely true,definitely not true,probably not true,probably not true,probably true,probably not true,probably not true,probably true,probably not true,probably true,48,1978,female,white,some college,14,english,"50,001 to 75,000",62500,"50,000 to 74,999",biological mother,7/21/15,female,white,yes,yes,yes,My child uses the device on their own,30,very often,often,sometimes,sometimes,41-60,newborn,100,100,100,100,100,100,strongly disagree,strongly disagree,strongly agree,strongly disagree,strongly agree,disagree,strongly agree,strongly agree,1,as a baby,as a toddler,as an infant,as an infant,probably not true,definitely true,definitely true,definitely true,definitely true,definitely true,definitely not true,probably not true,definitely true,probably not true,probably not true,probably not true,definitely true,probably not true,probably true,definitely true,probably not true,probably true,48,english,yes,0,4,10,7,9,26,80,110,74,106,82,114,84,111,NA,11,28,24,2,2,32,56,1,20,0,91,86,5,6,117,482,0,49,1,1,31,38,31,2,3,40,93,0,19,0,93,91,4,5,113,418,0,44,1,4,25,3,2,1,2,5,5,1,NA,0,121,117,4,4,138,515,0,42,1,1,47,0,2,0,3,0,0,1,0,0,1,0,0,2,0,0,1,0,0,2,5,1,2,0,0,92,0,6,0,86,0,0,0,0,0,0,0,0,0,0,0,0,0,1,0,0,0,0,0,2,0,0,0,0,34,0,10,0,24,0,0,1,2,0,2,0,1,0,0,0,0,0,0,0,0,0,0,2,3,0,0,0,0,94,0,3,0,91,0,0,0,0,0,0,0,0,0,0,0,0,0,0,0,0,0,0,0,1,0,0,0,0,43,0,12,0,31,0,0,3,2,0,3,2,1,0,0,0,0,0,0,0,0,8,10,4,4,4,3,0,0,122,0,4,0,118,0,0,0,2,0,0,0,0,0,0,0,0,0,0,0,0,0,4,0,3,2,2,0,0,39,1,3,0,35,10,5,5,3,7,5,3,1,1,1,1,0,0,1,0,1,0,0,6,2,4,1,5,3,0,0,3,0,0,0,0,0,0,0,0,0,11,3,8,5,6,5,0,0,6,2,0,2,0,2,2,0,0,0,295,2,0,7,4,0,2,1,0,1,0,0,0,5,0,2,3,90,0,0,2,0,1,0,0,0,0,0,0,0,0,0,0,0,27,10,17,9,18,13,3,1,10,3,1,2,0,3,2,1,0,0,0.11627907,0.058139535,0.058139535,0.034883721,0.081395349,0.058139535,0.011627907,0.011627907,0.034883721,0.041666667,0,0.041666667,0,0.041666667,0,0,0,0.041666667,0.065934066,0.043956044,0.021978022,0.010989011,0.054945055,0.032967033,0.032967033,0,0,0,0,0,0,0,0,0,0,0,0.093220339,0.06779661,0.025423729,0.042372881,0.050847458,0.042372881,0.050847458,0,0,0.057142857,0.057142857,0,0,0.057142857,0.057142857,0,0,0,0.091525424,0.057627119,0.033898305,0.030508475,0.061016949,0.044067797,0.033898305,0.003389831,0.010169492,0.033333333,0.022222222,0.011111111,0,0.033333333,0.022222222,0,0,0.011111111,4.956,4.517,56.29,33.9,1.466337069,2.317724154,1.911423973,1.479290618,1.398926108,1.960333476
54,61,6/24/19,7/19/19,7/1/15,47,App + Info,1,80,100,100,100,100,96,mostly disagree,strongly disagree,strongly agree,strongly agree,strongly agree,disagree,strongly agree,strongly agree,2,as a baby,in preschool,as a toddler,as a baby,probably true,definitely true,definitely true,definitely true,definitely true,definitely true,probably not true,definitely not true,probably true,probably not true,probably not true,definitely not true,probably true,definitely not true,probably true,probably true,probably true,probably true,47,1989,female,african american,bachelor's,16,english,"30,001 to 40,000",35000,"0 to 49,999",biological mother,7/1/15,male,mixed,yes,yes,yes,Both,30,sometimes,sometimes,sometimes,often,more than 60,birth,100,100,80,100,100,96,strongly disagree,strongly disagree,strongly agree,strongly disagree,strongly agree,strongly disagree,strongly agree,strongly agree,1,as a baby,in preschool,as a toddler,as a baby,probably not true,definitely true,definitely true,definitely true,definitely true,definitely true,probably not true,definitely not true,probably not true,definitely not true,probably not true,definitely not true,probably not true,definitely not true,definitely true,probably true,probably true,probably not true,51,english and spanish,no,0,5,9,7,4,20,75,107,74,106,52,100,77,106,3,29,29,23,3,4,45,95,0,29,0,65,62,5,5,109,320,0,52,1,3,28,13,9,3,3,23,30,1,NA,0,56,51,5,5,98,288,0,43,1,0,24,70,62,4,5,94,310,0,32,1,82,71,4,5,100,351,0,32,1,0,29,1,1,2,2,0,0,1,0,0,0,0,0,0,2,1,1,0,0,2,1,0,0,1,0,65,0,3,0,62,0,0,0,1,0,0,0,0,0,0,0,0,0,0,1,0,0,0,0,0,0,0,0,0,37,1,15,0,21,0,0,0,1,1,1,1,1,1,0,0,1,0,0,1,0,0,1,3,2,2,0,1,0,57,0,6,0,51,0,0,0,1,0,1,0,1,0,1,0,0,0,0,0,1,0,0,0,2,1,0,1,0,22,0,13,0,9,0,2,4,1,1,0,1,0,1,0,1,0,0,0,2,0,0,0,1,0,3,14,0,0,90,0,15,0,75,0,0,0,0,0,0,0,0,0,0,0,0,0,0,0,0,0,0,0,0,0,1,0,0,14,0,12,0,2,11,4,7,5,6,6,4,0,1,2,0,2,1,1,1,1,0,0,8,3,5,4,4,1,1,2,4,5,2,3,0,5,1,1,1,2,13,4,9,10,3,7,2,2,2,0,0,0,0,0,0,0,0,0,188,3,1,4,6,2,0,1,4,0,2,1,1,1,2,1,3,32,0,0,2,0,0,0,1,1,1,0,0,0,1,0,1,0,32,11,21,19,13,14,7,4,7,7,2,5,1,6,2,2,1,2,0.177419355,0.112903226,0.064516129,0.080645161,0.096774194,0.096774194,0.016129032,0,0.064516129,0.095238095,0.095238095,0,0.047619048,0.047619048,0.047619048,0,0,0.047619048,0.156862745,0.098039216,0.058823529,0.078431373,0.078431373,0.019607843,0.078431373,0.039215686,0.019607843,0.555555556,0.333333333,0.222222222,0,0.555555556,0.111111111,0.222222222,0.111111111,0.111111111,0.173333333,0.12,0.053333333,0.133333333,0.04,0.093333333,0.026666667,0.026666667,0.026666667,0,0,0,0,0,0,0,0,0,0.170212766,0.111702128,0.058510638,0.10106383,0.069148936,0.074468085,0.037234043,0.021276596,0.037234043,0.21875,0.15625,0.0625,0.03125,0.1875,0.0625,0.0625,0.03125,0.0625,5.136,4.543,48.42,35.11,3.130044611,2.891553093,2.49899139,1.924403944,2.407519986,2.068746253
55,62,6/24/19,7/15/19,2/9/15,52,App Only,2,70,100,100,50,50,74,mostly agree,mostly agree,mostly agree,disagree,mostly agree,mostly agree,mostly agree,mostly agree,3,in preschool,in preschool,as a baby,as an infant,probably not true,probably true,probably true,probably true,probably true,probably true,probably not true,probably not true,probably true,probably not true,probably true,definitely not true,definitely true,definitely not true,probably true,probably true,probably not true,probably true,43,1986,female,white,some college,14,english,"10,001 to 20,000",15000,"0 to 49,999",biological mother,2/15/19,female,white,yes,yes,no,I use the device with my child,20,often,seldom,sometimes,sometimes,21-40,6 months,50,60,100,60,70,68,mostly disagree,mostly disagree,mostly agree,mostly disagree,mostly agree,mostly disagree,mostly agree,mostly agree,3,in preschool,in preschool,in preschool,in preschool,probably not true,definitely true,probably true,definitely true,definitely true,definitely true,probably not true,probably not true,definitely true,probably not true,definitely true,probably not true,definitely true,probably not true,probably true,probably not true,probably not true,probably not true,40,english,yes,69,10,15,12,15,42,96,125,76,108,97,120,97,123,NA,77,57,53,3,4,74,202,0,34,1,93,93,4,5,108,418,0,40,1,5,20,13,13,2,2,19,31,1,NA,0,33,32,4,4,61,125,0,31,1,1,13,28,25,3,3,43,71,1,36,0,101,100,5,5,129,503,0,35,1,1,60,1,1,2,3,0,3,0,2,0,0,0,0,0,0,1,0,0,0,1,0,1,0,0,0,94,1,0,0,93,1,2,0,1,0,1,0,1,0,0,0,0,0,0,0,0,0,0,0,2,0,0,1,0,60,1,7,0,52,0,0,0,0,0,0,0,0,0,0,0,0,1,0,0,0,0,0,0,3,0,0,0,0,34,1,1,0,32,0,0,0,0,0,0,0,0,0,0,0,0,0,0,0,0,0,0,0,0,0,0,0,0,18,3,2,0,13,1,0,1,1,0,0,2,0,0,0,0,0,0,0,0,0,0,0,1,1,1,0,0,0,101,0,1,0,100,0,2,1,1,0,0,0,1,0,0,0,0,0,0,0,0,0,0,0,1,1,0,0,0,76,4,10,0,62,13,5,8,4,9,7,1,0,5,6,4,2,1,5,4,0,0,2,1,1,0,1,0,0,1,0,0,0,0,0,0,0,0,0,0,0,5,1,4,4,1,3,0,0,2,5,2,3,1,4,4,0,0,1,225,1,2,4,3,0,1,0,1,0,0,0,0,3,0,2,2,127,4,1,2,1,0,0,0,0,0,0,0,0,1,0,2,0,19,7,12,9,10,10,2,0,7,11,6,5,2,9,8,0,0,3,0.139784946,0.086021505,0.053763441,0.043010753,0.096774194,0.075268817,0.053763441,0,0.010752688,0.115384615,0.038461538,0.076923077,0.019230769,0.096153846,0.076923077,0.038461538,0,0,0.03125,0,0.03125,0.03125,0,0,0,0,0.03125,0,0,0,0,0,0,0,0,0,0.05,0.04,0.01,0.04,0.01,0.03,0.02,0,0,0.080645161,0.048387097,0.032258065,0.016129032,0.064516129,0.064516129,0.016129032,0,0,0.084444444,0.053333333,0.031111111,0.04,0.044444444,0.044444444,0.031111111,0,0.008888889,0.086614173,0.039370079,0.047244094,0.015748031,0.070866142,0.062992126,0.023622047,0,0,4.947,4.391,42.83,41.97,2.268140358,2.245426679,1.84582669,1.413693335,1.609437912,1.694595721
56,63,6/24/19,7/16/19,11/21/15,43,App + Info,4,90,95,80,80,100,89,disagree,disagree,agree,disagree,mostly agree,disagree,mostly agree,mostly agree,2,as a toddler,in preschool,as a baby,as an infant,probably true,definitely true,probably true,definitely true,probably true,definitely true,probably not true,definitely not true,probably true,probably not true,definitely not true,probably not true,probably not true,probably not true,probably true,probably not true,probably true,probably not true,50,1977,female,white,bachelor's,16,english,"150,001 tp 200,000",175000,"75,000 to 99,999",biological mother,11/21/15,female,white,yes,yes,no,Both,60,sometimes,sometimes,often,very often,more than 60,6 months,90,100,90,70,100,90,strongly disagree,disagree,strongly disagree,disagree,strongly agree,agree,agree,mostly agree,3,as a toddler,in preschool,as a baby,as a baby,probably true,definitely true,probably true,definitely true,probably true,definitely true,probably true,definitely not true,definitely not true,probably not true,probably not true,probably not true,definitely not true,definitely not true,probably not true,probably not true,probably true,definitely not true,53,english,yes,27,9,11,11,7,29,86,113,94,120,75,108,89,115,1,27,31,28,4,5,68,128,1,50,0,71,69,5,6,131,403,0,52,1,3,37,11,9,5,6,34,53,1,33,1,76,75,5,5,130,377,0,56,1,0,42,44,38,3,3,53,117,0,25,1,116,111,5,5,161,576,0,39,1,1,58,2,0,5,1,0,0,0,0,0,1,0,0,0,0,0,0,0,0,1,0,1,0,0,0,72,0,3,0,69,1,1,0,1,0,0,0,0,0,0,0,0,0,0,0,0,0,0,0,1,0,0,0,0,36,1,8,0,27,0,0,4,1,0,0,2,1,0,0,0,0,0,0,0,0,0,0,1,0,0,0,0,0,76,0,1,0,75,0,1,0,2,0,0,0,0,0,0,0,0,0,0,0,0,0,0,0,0,0,0,0,0,14,3,2,0,9,0,0,6,1,0,0,1,0,0,0,2,0,0,0,0,0,0,0,1,0,0,4,0,0,117,0,10,0,107,0,0,0,2,0,0,1,0,0,0,0,2,0,0,0,0,0,0,0,1,0,1,0,0,28,0,4,0,24,9,3,6,7,2,8,0,1,0,3,2,1,1,2,3,0,0,0,8,0,8,6,2,5,0,0,3,3,1,2,0,3,3,0,0,0,10,0,10,9,1,7,0,2,1,5,0,5,1,4,2,0,2,1,251,0,2,3,15,0,0,0,0,1,0,0,2,0,0,1,3,60,2,1,5,0,0,0,0,0,0,0,2,0,0,0,0,1,27,3,24,22,5,20,0,3,4,11,3,8,2,9,8,0,2,1,0.130434783,0.086956522,0.043478261,0.101449275,0.028985507,0.115942029,0,0.014492754,0,0.111111111,0.037037037,0.074074074,0.037037037,0.074074074,0.111111111,0,0,0,0.106666667,0.106666667,0,0.08,0.026666667,0.066666667,0.04,0,0,0.333333333,0.222222222,0.111111111,0,0.333333333,0.333333333,0,0,0,0.093457944,0.093457944,0,0.08411215,0.009345794,0.065420561,0.009345794,0.018691589,0,0.208333333,0.208333333,0,0.041666667,0.166666667,0.083333333,0.041666667,0.083333333,0,0.107569721,0.09561753,0.011952191,0.087649402,0.019920319,0.079681275,0.015936255,0.011952191,0,0.183333333,0.133333333,0.05,0.033333333,0.15,0.133333333,0.016666667,0.033333333,0,5.639,5.012,53.33,59.44,2.961830722,2.464446436,2.357239267,0.78628187,2.278798444,1.095952713
57,65,6/25/19,7/15/19,12/11/15,42,App + Info,1,100,100,100,100,100,100,strongly disagree,strongly disagree,strongly agree,strongly disagree,agree,strongly disagree,agree,agree,1,as an infant,as a baby,as an infant,as an infant,probably not true,definitely true,probably not true,definitely true,definitely true,definitely true,definitely not true,definitely not true,definitely not true,definitely not true,definitely not true,definitely not true,definitely not true,definitely not true,definitely not true,definitely not true,definitely not true,definitely not true,71,1982,female,white,some graduate,17,english,"100,001 to 125,000",112500,"75,000 to 99,999",biological mother,12/11/15,male,mixed,yes,yes,no,Both,60,very often,often,sometimes,sometimes,more than 60,1 month,100,100,100,100,100,100,strongly disagree,strongly disagree,disagree,strongly disagree,disagree,strongly disagree,disagree,strongly disagree,3,as an infant,as a baby,as an infant,as an infant,definitely not true,definitely true,probably not true,definitely true,definitely true,definitely true,definitely not true,definitely not true,definitely not true,definitely not true,definitely not true,definitely not true,definitely not true,definitely not true,definitely not true,definitely not true,definitely not true,definitely not true,72,english,no,56,9,16,11,13,40,100,131,94,120,94,123,98,128,4,90,17,14,3,4,36,53,1,40,0,63,63,6,7,132,393,0,52,1,1,21,8,6,2,2,20,24,1,NA,0,48,47,6,7,116,285,0,52,1,0,15,72,67,3,3,82,212,0,33,1,65,61,7,8,141,451,0,44,1,0,35,1,1,1,1,0,0,1,0,0,0,0,0,0,0,0,0,1,0,0,1,0,13,0,0,64,0,1,0,63,0,0,0,0,0,0,0,0,0,0,0,0,0,0,0,0,0,0,0,0,0,0,0,0,20,0,6,0,14,0,1,5,2,0,0,1,1,0,0,0,0,0,0,1,0,0,0,1,1,1,0,0,0,49,0,1,0,48,0,0,0,1,0,1,0,0,0,0,0,0,0,0,0,0,0,0,0,0,0,0,0,0,14,4,4,0,6,2,0,1,1,0,1,2,2,1,0,0,1,0,0,0,0,1,0,3,2,4,2,0,0,65,0,4,0,61,0,1,0,1,0,0,0,2,0,1,0,0,0,0,0,0,0,1,0,2,0,0,1,0,24,0,3,0,21,5,2,3,3,2,4,0,0,1,0,0,0,0,0,0,0,0,0,11,1,10,7,4,8,1,0,2,2,1,1,0,2,1,0,0,1,11,4,7,6,5,4,0,2,5,5,2,3,0,5,2,0,1,2,172,2,3,4,7,0,0,0,1,0,1,1,0,1,0,3,4,41,1,0,2,0,0,0,0,0,1,0,0,0,1,0,2,0,27,7,20,16,11,16,1,2,8,7,3,4,0,7,3,0,1,3,0.079365079,0.047619048,0.031746032,0.047619048,0.031746032,0.063492063,0.015873016,0,0,0,0,0,0,0,0,0,0,0,0.229166667,0.208333333,0.020833333,0.145833333,0.083333333,0.166666667,0.041666667,0,0.020833333,0.333333333,0.166666667,0.166666667,0,0.333333333,0.166666667,0.166666667,0,0,0.180327869,0.114754098,0.06557377,0.098360656,0.081967213,0.06557377,0.081967213,0.032786885,0,0.238095238,0.142857143,0.095238095,0,0.238095238,0.095238095,0.095238095,0.047619048,0,0.156976744,0.11627907,0.040697674,0.093023256,0.063953488,0.093023256,0.046511628,0.011627907,0.005813953,0.170731707,0.097560976,0.073170732,0,0.170731707,0.073170732,0.073170732,0.024390244,0,7.006,6.088,59.33,77.36,2.894428559,2.815269453,2.535909204,1.623294947,2.332369654,2.000851267
58,66,6/25/19,7/16/19,8/27/15,45,App Only,2,90,100,100,100,100,98,disagree,disagree,agree,disagree,agree,disagree,agree,agree,2,as a toddler,in kindergarten,in kindergarten,as an infant,probably not true,definitely true,probably not true,definitely true,definitely true,definitely true,probably not true,definitely not true,definitely not true,definitely not true,definitely not true,definitely not true,definitely not true,definitely not true,probably not true,probably not true,probably not true,probably not true,57,1976,female,white,some graduate,17,english,"75,001 to 100,000",87500,"50,000 to 74,999",biological mother,8/27/15,male,white,yes,yes,no,My child uses the device on their own,30,sometimes,sometimes,often,sometimes,more than 60,2 months,100,100,100,100,100,100,disagree,disagree,agree,disagree,agree,disagree,disagree,disagree,3,as a baby,as a toddler,as a toddler,as an infant,probably not true,definitely true,probably not true,definitely true,definitely true,definitely true,definitely not true,definitely not true,probably true,definitely not true,definitely not true,definitely not true,probably not true,definitely not true,definitely not true,probably true,probably not true,definitely not true,61,english,no,14,1,12,10,10,32,92,116,90,116,85,115,92,118,NA,63,87,82,3,3,89,297,0,37,1,82,82,4,5,136,384,0,58,1,6,19,72,69,3,3,87,210,0,36,1,78,78,4,5,134,351,0,66,1,5,21,65,64,2,2,62,126,0,34,0,82,82,4,5,122,375,0,34,1,6,56,0,1,0,4,0,1,0,3,0,0,0,2,0,0,0,0,0,0,0,6,2,4,0,1,82,0,0,0,82,0,0,0,0,0,0,0,1,0,0,0,0,0,0,0,1,0,0,0,2,1,8,0,0,90,0,8,0,82,0,1,2,4,0,0,1,1,0,0,0,0,0,0,1,0,0,0,2,1,3,0,0,0,78,0,0,0,78,0,0,1,0,0,0,0,0,0,0,0,0,0,0,0,0,0,0,0,2,0,0,0,0,73,0,4,0,69,0,0,4,0,0,0,1,0,0,0,1,0,0,0,2,0,2,0,6,0,3,0,0,0,82,0,0,0,82,0,0,0,2,0,0,0,1,0,0,0,1,0,0,0,1,0,1,0,5,1,0,0,0,74,1,9,0,64,11,2,9,0,11,5,0,2,4,2,0,2,0,2,0,1,0,1,10,1,9,4,6,7,1,0,2,1,0,1,1,0,1,0,0,0,8,0,8,8,0,4,2,1,1,5,0,5,0,5,2,1,1,1,242,2,0,8,6,0,0,0,3,0,0,2,1,1,0,4,2,215,0,0,2,1,0,0,2,0,0,0,1,0,0,0,2,0,29,3,26,12,17,16,3,3,7,8,0,8,1,7,3,2,1,2,0.134146341,0.109756098,0.024390244,0,0.134146341,0.06097561,0.048780488,0.024390244,0,0.024390244,0.024390244,0,0,0.024390244,0,0.012195122,0,0.012195122,0.128205128,0.115384615,0.012820513,0.051282051,0.076923077,0.08974359,0.025641026,0,0.012820513,0.014492754,0.014492754,0,0.014492754,0,0.014492754,0,0,0,0.097560976,0.097560976,0,0.097560976,0,0.048780488,0.012195122,0.012195122,0.024390244,0.078125,0.078125,0,0,0.078125,0.03125,0.015625,0.015625,0.015625,0.119834711,0.107438017,0.012396694,0.049586777,0.070247934,0.066115702,0.02892562,0.012396694,0.012396694,0.037209302,0.037209302,0,0.004651163,0.03255814,0.013953488,0.009302326,0.004651163,0.009302326,4.938,4.434,60.99,49.32,1.552005863,2.563677093,2.463325583,0.806328275,1.784848592,2.082535923
59,67,6/25/19,7/16/19,4/14/16,38,App + Info,4,100,100,60,60,40,72,strongly disagree,strongly disagree,strongly agree,strongly disagree,strongly agree,disagree,agree,strongly agree,1,as an infant,as an infant,as an infant,as an infant,definitely not true,definitely true,probably true,definitely true,definitely true,definitely true,probably not true,probably not true,definitely not true,definitely not true,definitely not true,definitely not true,probably not true,definitely not true,probably not true,probably not true,probably not true,probably not true,65,1985,,mixed,associate's,14,english,"50,001 to 75,000",62500,"50,000 to 74,999",biological mother,4/14/16,male,mixed,no,yes,yes,Both,10,often,very often,sometimes,often,41-60,birth,100,100,100,85,90,95,disagree,disagree,agree,disagree,mostly agree,mostly disagree,agree,agree,2,as a toddler,as a toddler,as an infant,as an infant,definitely not true,definitely true,probably true,definitely true,definitely true,definitely true,definitely not true,definitely not true,definitely not true,definitely not true,definitely not true,definitely not true,definitely not true,definitely not true,probably true,probably true,probably not true,probably true,61,english,no,0,0,7,7,3,17,60,103,74,106,43,94,69,102,0,14,38,36,3,4,42,124,0,16,1,80,76,5,5,91,389,0,30,1,1,24,52,47,2,2,44,104,0,21,0,73,71,5,5,87,345,0,32,1,0,37,21,18,2,2,25,48,1,NA,0,93,90,5,5,93,421,0,20,1,7,56,1,1,0,0,0,0,0,0,0,0,0,1,0,0,0,0,0,1,0,0,0,0,0,0,80,0,4,0,76,0,1,0,0,0,0,0,0,0,0,0,1,0,0,0,0,0,0,0,0,0,0,0,0,43,0,7,0,36,0,0,2,0,0,0,1,0,0,0,0,0,0,0,0,0,1,1,12,3,1,0,1,0,74,0,3,0,71,0,0,1,1,0,0,0,1,0,0,0,0,0,0,0,0,0,1,0,10,1,0,1,0,57,0,11,0,46,0,0,3,0,0,0,0,0,0,0,0,0,0,0,0,0,10,8,8,1,2,0,0,0,93,0,3,0,90,1,0,0,2,0,0,0,0,0,0,0,0,0,0,0,0,1,10,0,5,1,0,0,0,65,0,1,0,64,3,2,1,1,2,2,0,1,0,2,1,1,0,2,1,0,1,0,3,0,3,3,0,2,0,0,1,3,0,3,1,2,2,0,0,1,3,0,3,3,0,3,0,0,0,3,1,2,1,2,3,0,0,0,237,1,1,0,5,0,0,0,0,0,0,1,0,0,0,0,1,146,1,1,3,1,0,0,0,0,0,0,1,0,0,0,1,0,9,2,7,7,2,7,0,1,1,8,2,6,2,6,6,0,1,1,0.039473684,0.013157895,0.026315789,0.013157895,0.026315789,0.026315789,0,0.013157895,0,0.055555556,0.027777778,0.027777778,0,0.055555556,0.027777778,0,0.027777778,0,0.042253521,0.042253521,0,0.042253521,0,0.028169014,0.014084507,0,0,0.065217391,0.065217391,0,0.02173913,0.043478261,0.043478261,0.02173913,0,0,0.033333333,0.033333333,0,0.033333333,0,0.033333333,0,0,0,0.046875,0.03125,0.015625,0.015625,0.03125,0.046875,0,0,0,0.037974684,0.029535865,0.008438819,0.029535865,0.008438819,0.029535865,0.004219409,0.004219409,0,0.054794521,0.04109589,0.01369863,0.01369863,0.04109589,0.04109589,0.006849315,0.006849315,0,5.127,4.633,36.58,43.37,1.868635947,1.568088353,1.374623141,0.611873054,1.374623141,0.611873054
60,68,6/26/19,7/17/19,6/28/16,35,App Only,3,70,100,80,100,90,88,strongly disagree,strongly disagree,strongly agree,strongly disagree,agree,disagree,agree,agree,2,as a baby,as a toddler,as an infant,as an infant,definitely not true,definitely true,definitely true,definitely true,definitely true,definitely true,probably not true,probably not true,probably not true,probably not true,probably not true,probably not true,probably not true,probably not true,definitely true,probably true,probably not true,probably true,52,1972,female,white,bachelor's,16,english,"100,001 to 125,000",112500,"75,000 to 99,999",biological mother,6/28/16,female,white,yes,yes,no,My child uses the device on their own,30,often,seldom,sometimes,often,more than 60,1 month old,70,100,90,80,80,84,strongly disagree,strongly disagree,agree,disagree,agree,disagree,agree,agree,2,as a baby,as a baby,as a baby,as an infant,probably not true,probably true,probably true,definitely true,probably true,probably true,probably not true,probably not true,probably true,definitely not true,probably true,probably not true,probably true,definitely not true,probably not true,probably true,probably not true,probably not true,51,english,yes,9,5,6,4,0,10,51,100,32,90,5,73,23,86,NA,58,50,47,4,4,63,189,0,31,1,81,80,4,4,109,310,0,46,1,3,29,50,43,2,3,52,131,0,30,0,52,51,3,4,81,179,0,50,1,7,14,31,23,2,2,26,61,0,10,0,64,62,5,5,100,316,0,29,1,1,30,0,1,1,4,0,0,0,0,0,0,0,0,0,0,1,0,2,1,0,2,2,0,0,0,81,0,1,0,80,0,0,0,0,0,0,0,0,0,0,0,0,0,1,0,1,0,0,0,0,0,0,0,0,52,1,5,0,46,0,1,1,0,1,0,0,0,0,0,0,0,0,0,0,0,0,1,0,0,0,0,0,0,52,0,1,0,51,0,0,0,0,0,1,0,0,0,0,0,0,0,0,0,0,0,0,0,0,0,0,0,0,53,0,11,0,42,1,0,2,1,1,0,0,1,0,0,0,0,0,0,0,0,2,0,0,0,0,0,0,0,70,0,4,0,66,0,0,0,0,0,1,0,0,0,0,0,0,0,0,0,0,0,0,0,0,0,0,0,0,24,0,6,0,18,7,1,6,2,5,6,1,0,0,2,1,1,0,2,0,2,0,0,3,2,1,2,1,2,0,0,1,1,1,0,0,1,0,0,0,1,6,2,4,4,2,4,0,0,2,1,1,0,0,1,0,0,0,1,197,2,1,5,4,0,0,0,1,0,0,0,0,0,2,1,0,106,0,0,0,0,1,0,1,0,0,0,0,0,2,0,0,0,16,5,11,8,8,12,1,0,3,4,3,1,0,4,0,2,0,2,0.0875,0.075,0.0125,0.025,0.0625,0.075,0,0,0.0125,0.043478261,0.02173913,0.02173913,0,0.043478261,0,0,0,0.043478261,0.058823529,0.019607843,0.039215686,0.039215686,0.019607843,0.039215686,0.019607843,0,0,0.023809524,0,0.023809524,0,0.023809524,0,0.023809524,0,0,0.090909091,0.060606061,0.03030303,0.060606061,0.03030303,0.060606061,0.03030303,0,0,0.055555556,0,0.055555556,0,0.055555556,0,0.055555556,0,0,0.081218274,0.055837563,0.025380711,0.040609137,0.040609137,0.060913706,0.015228426,0,0.005076142,0.037735849,0.009433962,0.028301887,0,0.037735849,0,0.018867925,0,0.018867925,4.373,4,51.77,44.37,1.563097575,2.210670158,1.884605456,1.263581682,1.621547041,1.621547041
61,70,6/26/19,7/17/19,10/17/15,44,App + Info,1,70,100,70,100,100,88,mostly disagree,mostly disagree,agree,mostly disagree,agree,mostly disagree,agree,agree,3,in preschool,in preschool,as a toddler,as a baby,definitely not true,definitely true,probably true,definitely true,definitely true,definitely true,probably not true,definitely not true,definitely true,definitely not true,probably not true,definitely not true,probably true,definitely not true,probably not true,probably not true,probably not true,definitely not true,53,1991,female,hispanic/latino,bachelor's,16,english,"30,001 to 40,000",35000,"0 to 49,999",biological mother,10/17/15,female,white,yes,yes,yes,Both,5,often,seldom,sometimes,sometimes,more than 60,4 months,90,90,70,90,90,86,disagree,disagree,agree,disagree,agree,disagree,agree,agree,2,as a toddler,in preschool,as a baby,as a baby,definitely not true,definitely true,probably true,definitely true,definitely true,definitely true,probably not true,definitely not true,definitely true,definitely not true,probably not true,definitely not true,probably true,definitely not true,probably not true,definitely not true,definitely not true,definitely not true,57,english,no,0,5,4,3,2,9,22,85,20,83,32,88,17,84,0,74,20,15,2,2,24,31,1,NA,0,62,61,6,7,118,381,0,42,1,0,30,15,10,2,2,22,33,1,NA,1,43,42,5,6,82,242,0,33,1,0,16,32,25,2,2,44,72,1,37,0,49,49,6,6,65,275,0,16,1,1,32,0,5,0,2,0,0,3,2,0,0,0,0,0,0,0,0,0,0,0,0,1,3,0,0,64,0,3,0,61,0,0,0,0,0,0,0,0,0,0,0,0,0,0,0,0,0,0,0,0,0,1,0,0,29,0,14,0,15,0,1,0,2,0,0,0,0,0,0,0,1,0,0,0,0,0,0,0,2,0,0,0,0,45,0,3,0,42,0,0,0,0,0,0,0,0,0,0,0,0,0,0,0,0,0,0,0,1,0,0,0,0,20,0,10,0,10,1,0,5,1,0,0,0,0,0,0,1,1,0,0,0,0,0,0,9,1,3,5,0,0,51,0,2,0,49,0,1,0,5,0,1,0,1,0,0,0,1,0,0,0,0,0,0,0,9,4,0,0,0,36,0,13,0,23,12,5,7,3,9,7,0,0,5,0,0,0,0,0,0,0,0,0,4,1,3,0,4,3,0,1,0,0,0,0,0,0,0,0,0,0,9,1,8,7,2,7,0,2,0,9,2,7,0,9,6,0,1,2,152,6,1,5,5,0,0,0,0,0,0,2,1,0,0,2,3,48,1,0,5,0,0,0,0,0,0,0,1,0,1,0,1,0,25,7,18,10,15,17,0,3,5,9,2,7,0,9,6,0,1,2,0.196721311,0.114754098,0.081967213,0.049180328,0.147540984,0.114754098,0.081967213,0,0,0,0,0,0,0,0,0,0,0,0.095238095,0.071428571,0.023809524,0,0.095238095,0.071428571,0,0.023809524,0,0,0,0,0,0,0,0,0,0,0.183673469,0.163265306,0.020408163,0.142857143,0.040816327,0.142857143,0,0.040816327,0,0.391304348,0.304347826,0.086956522,0,0.391304348,0.260869565,0.086956522,0.043478261,0,0.164473684,0.118421053,0.046052632,0.065789474,0.098684211,0.111842105,0.032894737,0.019736842,0,0.1875,0.145833333,0.041666667,0,0.1875,0.125,0.041666667,0.020833333,0,6.461,5.645,37.71,26.79,2.983153491,2.85918883,2.552729246,1.723706006,2.02537432,2.385861433
62,71,6/26/19,7/17/19,10/14/15,44,App + Info,3,0,85,85,85,85,68,disagree,disagree,agree,disagree,agree,disagree,agree,disagree,2,as a baby,as a toddler,as an infant,as an infant,probably true,probably true,probably not true,definitely true,definitely true,probably true,probably not true,probably not true,probably not true,probably not true,probably not true,probably not true,probably not true,probably not true,probably true,definitely not true,probably not true,probably not true,54,1980,female,white,associate's,14,french,"75,001 to 100,000",87500,"75,000 to 99,999",biological mother,10/14/15,male,white,yes,yes,yes,My child uses the device on their own,30,very often,seldom,often,sometimes,more than 60,1 month old,70,100,100,100,100,94,disagree,disagree,agree,disagree,agree,disagree,agree,agree,2,as an infant,as a baby,as an infant,as an infant,probably not true,probably true,probably not true,probably true,probably true,probably true,probably not true,probably not true,probably not true,probably not true,probably not true,probably not true,probably not true,probably not true,probably not true,definitely not true,probably not true,probably not true,56,"mostly english, some french",no,16,5,11,12,9,32,86,113,97,124,82,114,94,120,5,63,44,41,3,3,48,130,0,21,0,98,97,4,5,116,424,0,46,1,11,25,28,23,3,3,40,84,0,25,0,43,42,4,5,90,201,0,50,1,1,9,36,35,2,2,38,67,1,33,0,108,106,4,4,135,432,0,44,1,1,49,0,2,1,1,0,2,0,1,0,0,0,1,0,0,0,0,0,0,1,0,1,0,0,0,98,0,1,0,97,0,0,0,1,0,0,0,0,0,0,0,0,0,0,0,0,0,0,0,0,0,0,0,0,47,0,6,0,41,0,0,0,0,0,0,0,0,0,0,0,1,0,0,1,0,0,0,0,0,0,0,0,0,44,0,2,0,42,0,0,0,0,0,0,0,0,0,0,0,0,0,0,0,1,0,0,0,0,0,0,0,0,32,2,7,0,23,1,0,5,2,0,1,2,0,0,0,1,1,0,0,1,0,9,0,7,3,8,0,0,0,110,0,3,0,107,0,0,0,0,0,0,0,1,0,0,0,0,0,0,0,1,0,5,0,2,1,0,0,0,43,3,15,0,25,8,4,4,1,7,4,0,1,3,1,0,1,0,1,1,0,0,0,2,0,2,1,1,0,1,1,0,1,0,1,0,1,0,1,0,0,14,2,12,10,4,8,1,2,3,2,0,2,0,2,0,1,0,1,246,2,1,3,6,0,0,0,2,0,0,3,1,3,0,1,2,89,0,0,1,0,0,0,2,0,0,0,0,0,0,0,1,0,24,6,18,12,12,12,2,4,6,4,0,4,0,4,1,2,0,1,0.082474227,0.041237113,0.041237113,0.010309278,0.072164948,0.041237113,0.030927835,0.010309278,0,0.024390244,0.024390244,0,0,0.024390244,0.024390244,0,0,0,0.047619048,0.047619048,0,0.023809524,0.023809524,0,0,0.023809524,0.023809524,0.043478261,0.043478261,0,0,0.043478261,0,0,0,0.043478261,0.130841121,0.112149533,0.018691589,0.093457944,0.037383178,0.074766355,0.028037383,0.018691589,0.009345794,0.08,0.08,0,0,0.08,0,0.04,0,0.04,0.097560976,0.073170732,0.024390244,0.048780488,0.048780488,0.048780488,0.024390244,0.016260163,0.008130081,0.04494382,0.04494382,0,0,0.04494382,0.011235955,0.011235955,0,0.02247191,4.616,4.11,53.11,32.01,1.70372612,2.375472809,2.118310411,1.235187824,1.771224867,1.771224867
63,72,6/26/19,7/17/19,1/19/16,41,App Only,2,90,95,70,75,80,82,disagree,disagree,mostly agree,disagree,mostly agree,mostly agree,agree,agree,3,as an infant,as a toddler,as an infant,as an infant,definitely not true,definitely true,probably true,definitely true,probably true,definitely true,probably not true,probably not true,probably not true,probably true,probably not true,probably not true,probably true,probably not true,probably not true,probably true,probably not true,probably true,53,1984,female,white,some college,14,english,"75,001 to 100,000",87500,"75,000 to 99,999",biological mother,1/19/16,male,white,no,yes,no,My child uses the device on their own,20,often,often,often,sometimes,more than 60,infant,90,100,90,80,90,90,disagree,disagree,agree,disagree,agree,mostly agree,agree,agree,2,as an infant,in preschool,as an infant,as an infant,probably not true,definitely true,probably true,definitely true,definitely true,definitely true,probably not true,probably not true,probably true,probably true,probably not true,probably not true,probably true,probably not true,probably true,probably not true,probably not true,probably not true,52,english,yes,0,2,6,7,7,20,51,100,74,106,75,108,77,106,NA,55,43,32,2,2,68,122,1,59,0,56,55,4,5,97,246,0,47,1,2,16,26,20,1,2,25,44,1,NA,0,64,64,6,7,132,390,0,48,1,0,23,34,31,3,3,53,101,1,33,1,99,97,4,4,111,395,0,36,1,2,48,0,0,0,2,0,0,0,0,0,0,0,0,0,0,1,0,0,0,0,7,1,1,0,0,56,0,1,0,55,0,1,0,0,0,0,0,1,0,0,0,0,0,0,0,0,0,0,0,2,1,2,0,0,46,0,16,0,30,0,2,1,4,0,0,0,1,0,0,1,0,0,0,0,0,0,0,5,7,1,15,0,0,65,0,0,0,65,0,0,0,0,0,1,0,0,0,0,0,0,0,0,0,0,0,0,0,3,0,2,0,0,31,0,14,0,17,0,0,3,2,0,0,0,0,1,1,0,2,0,0,0,0,4,2,5,2,1,0,0,0,103,0,4,0,99,0,0,0,2,0,0,0,0,0,1,0,0,0,0,0,0,0,2,0,3,0,1,0,0,39,1,3,0,35,3,0,3,1,2,2,1,0,0,2,1,1,0,2,1,0,0,1,9,2,7,2,7,7,0,1,1,1,1,0,0,1,0,0,0,1,9,2,7,4,5,5,0,4,0,3,1,2,0,3,2,0,1,0,219,2,0,8,4,0,0,0,1,1,1,2,1,0,0,1,0,82,1,0,2,0,0,0,0,0,1,0,0,0,1,0,1,0,21,4,17,7,14,14,1,5,1,6,3,3,0,6,3,0,1,2,0.054545455,0.054545455,0,0.018181818,0.036363636,0.036363636,0,0,0.018181818,0.066666667,0.033333333,0.033333333,0,0.066666667,0.033333333,0.033333333,0,0,0.138461538,0.107692308,0.030769231,0.030769231,0.107692308,0.107692308,0.015384615,0.015384615,0,0.058823529,0,0.058823529,0,0.058823529,0,0.058823529,0,0,0.090909091,0.070707071,0.02020202,0.04040404,0.050505051,0.050505051,0,0.04040404,0,0.085714286,0.057142857,0.028571429,0,0.085714286,0.057142857,0,0.028571429,0,0.095890411,0.077625571,0.01826484,0.03196347,0.063926941,0.063926941,0.00456621,0.02283105,0.00456621,0.073170732,0.036585366,0.036585366,0,0.073170732,0.036585366,0.024390244,0.012195122,0,5.162,4.523,54.25,62.66,2.118310411,2.359819607,2.170487766,1.039033543,1.434214393,2.000492224
64,74,6/27/19,7/18/19,3/3/16,39,App Only,1,100,100,100,100,100,100,disagree,disagree,strongly agree,disagree,agree,disagree,strongly agree,strongly agree,2,as a toddler,in preschool,as a baby,as an infant,probably true,definitely true,probably true,definitely true,definitely true,definitely true,definitely not true,definitely not true,probably true,definitely not true,probably not true,definitely not true,probably true,definitely not true,probably true,definitely not true,probably not true,probably not true,55,1984,female,white,some college,14,english,"50,001 to 75,000",62500,"50,000 to 74,999",biological mother,3/3/16,male,white,yes,yes,no,My child uses the device on their own,30,very often,sometimes,sometimes,sometimes,more than 60,4 months,100,100,90,90,100,96,disagree,disagree,agree,disagree,agree,disagree,agree,strongly agree,2,as a baby,as a toddler,as a baby,as an infant,probably not true,definitely true,probably true,definitely true,definitely true,definitely true,definitely not true,definitely not true,definitely true,definitely not true,definitely not true,definitely not true,definitely true,definitely not true,probably true,definitely not true,probably not true,probably not true,57,english,no,7,4,7,11,6,24,60,103,94,120,69,107,84,111,NA,59,10,9,5,5,32,50,1,30,1,84,82,4,5,111,366,0,46,1,5,19,8,7,4,5,23,33,1,NA,1,44,43,4,4,73,164,0,34,1,0,6,40,39,3,3,63,133,0,35,0,71,70,5,5,106,334,0,34,1,3,27,0,3,0,0,0,1,0,0,0,0,0,0,0,0,0,0,0,0,1,3,0,10,0,0,85,0,3,0,82,0,0,3,0,0,0,0,0,0,0,0,0,0,0,0,0,0,0,0,0,0,0,0,0,10,0,1,0,9,0,0,0,0,0,1,0,1,0,0,0,0,1,0,0,0,0,0,0,1,0,8,0,0,45,0,3,0,42,0,0,0,0,0,0,0,0,0,0,0,0,0,0,0,0,0,0,0,0,0,1,0,0,8,0,1,0,7,1,0,1,4,0,0,1,2,0,1,0,0,0,0,0,0,0,1,7,12,6,0,0,0,72,0,1,0,71,0,1,1,1,0,0,0,0,0,1,0,0,0,0,0,0,0,0,0,4,1,0,0,0,40,3,6,0,31,4,4,0,0,4,3,0,0,1,3,0,3,3,0,3,0,0,0,3,2,1,1,2,0,1,0,2,0,0,0,0,0,0,0,0,0,10,2,8,3,7,6,0,1,3,4,2,2,1,3,3,0,1,0,195,3,1,4,1,0,1,0,0,1,0,0,0,2,0,3,1,47,1,0,1,4,0,0,0,0,1,0,0,0,0,0,0,0,17,8,9,4,13,9,1,1,6,7,2,5,4,3,6,0,1,0,0.048780488,0,0.048780488,0,0.048780488,0.036585366,0.012195122,0,0,0.333333333,0.333333333,0,0.333333333,0,0.333333333,0,0,0,0.071428571,0.023809524,0.047619048,0.023809524,0.047619048,0,0.047619048,0,0.023809524,0,0,0,0,0,0,0,0,0,0.14084507,0.112676056,0.028169014,0.042253521,0.098591549,0.084507042,0.042253521,0.014084507,0,0.129032258,0.064516129,0.064516129,0.032258065,0.096774194,0.096774194,0,0.032258065,0,0.087179487,0.046153846,0.041025641,0.020512821,0.066666667,0.046153846,0.030769231,0.005128205,0.005128205,0.14893617,0.106382979,0.042553191,0.085106383,0.063829787,0.127659574,0,0.021276596,0,4.723,4.159,48.6,41.79,2.765917583,2.273974559,1.725510084,1.629743179,1.115561847,2.036881927
65,76,6/27/19,7/18/19,10/12/15,44,App Only,1,75,90,80,75,70,78,disagree,disagree,agree,disagree,mostly agree,disagree,mostly agree,mostly agree,2,as a toddler,in preschool,as a baby,as a baby,probably not true,probably true,probably not true,definitely true,probably true,probably true,probably not true,definitely not true,probably not true,definitely not true,probably not true,definitely not true,probably not true,definitely not true,probably true,probably not true,definitely not true,probably not true,54,NA,female,white,master's degree,18,english,"50,001 to 75,000",62500,"50,000 to 74,999",biological mother,10/12/15,male,white,yes,yes,no,I use the device with my child,15,often,often,sometimes,sometimes,more than 60,2 months,90,90,80,80,75,83,disagree,disagree,agree,disagree,mostly agree,mostly disagree,mostly agree,agree,2,as a baby,as a toddler,as a baby,as a baby,definitely not true,probably true,definitely true,probably true,probably true,probably true,probably not true,probably not true,probably not true,definitely not true,probably not true,probably true,probably not true,definitely not true,definitely not true,probably true,probably not true,probably not true,51,,yes,28,4,11,10,10,31,86,113,90,116,85,115,92,118,NA,28,30,26,4,4,52,109,0,31,1,82,81,4,4,118,353,0,52,1,1,27,30,29,4,4,57,111,1,38,1,63,62,4,5,112,283,0,54,1,1,24,23,22,3,3,33,58,1,24,1,62,62,5,6,104,322,0,34,1,4,41,1,0,0,5,1,0,2,3,0,0,0,3,0,0,0,0,0,1,0,2,4,0,0,0,84,0,3,0,81,0,0,0,0,0,1,0,1,0,0,0,1,0,0,0,0,0,0,0,0,0,0,0,0,32,0,6,0,26,0,1,0,0,3,1,0,0,0,0,0,0,0,0,0,0,0,0,0,0,0,0,0,0,63,0,1,0,62,0,2,0,1,0,2,0,0,0,0,0,0,0,0,0,0,0,0,0,1,0,0,0,0,31,0,2,0,29,0,1,0,0,2,0,2,0,1,1,0,0,0,0,0,0,0,1,0,1,0,0,0,0,64,0,1,0,63,0,2,0,3,0,2,0,1,0,0,0,0,0,0,0,0,0,0,0,0,0,0,0,0,46,2,5,0,39,15,2,13,4,11,6,0,3,6,3,1,2,0,3,0,0,1,2,5,5,0,3,2,1,0,0,4,5,4,1,0,5,3,0,0,2,7,5,2,5,2,1,0,2,4,8,4,4,0,8,5,0,0,3,206,2,1,5,0,0,0,0,0,1,1,3,0,1,6,3,4,94,4,0,4,0,0,0,0,0,0,0,1,0,5,0,2,0,27,12,15,12,15,8,0,5,14,16,9,7,0,16,8,0,1,7,0.185185185,0.160493827,0.024691358,0.049382716,0.135802469,0.074074074,0.074074074,0.037037037,0,0.115384615,0.076923077,0.038461538,0,0.115384615,0,0.076923077,0.038461538,0,0.080645161,0,0.080645161,0.048387097,0.032258065,0.016129032,0.064516129,0,0,0.172413793,0.034482759,0.137931034,0,0.172413793,0.103448276,0.068965517,0,0,0.111111111,0.031746032,0.079365079,0.079365079,0.031746032,0.015873016,0.063492063,0.031746032,0,0.205128205,0.102564103,0.102564103,0,0.205128205,0.128205128,0.076923077,0,0,0.131067961,0.072815534,0.058252427,0.058252427,0.072815534,0.038834951,0.067961165,0.024271845,0,0.170212766,0.074468085,0.095744681,0,0.170212766,0.085106383,0.074468085,0.010638298,0,4.898,4.444,53.44,43.84,2.891553093,2.646656675,2.114030559,1.920627904,1.920627904,2.114030559
66,77,6/27/19,7/8/19,7/24/15,47,App Only,4,100,100,80,100,100,96,strongly disagree,strongly disagree,agree,disagree,agree,mostly disagree,agree,mostly agree,2,as a toddler,in preschool,as a baby,as a baby,probably not true,definitely true,probably true,definitely true,definitely true,definitely true,probably true,probably not true,probably true,probably not true,probably not true,definitely not true,probably not true,definitely not true,probably true,definitely not true,probably not true,probably not true,52,1983,female,african american,master's degree,18,english,"100,001 to 125,000",112500,"75,000 to 99,999",biological mother,7/24/15,female,african american,yes,yes,no,My child uses the device on their own,30,often,sometimes,very often,often,20-Jan,12 months,100,100,80,80,100,92,strongly disagree,strongly disagree,agree,strongly disagree,agree,disagree,agree,mostly agree,2,as a toddler,in preschool,as a baby,as a baby,probably not true,definitely true,probably true,probably true,definitely true,definitely true,probably not true,probably not true,probably true,definitely not true,probably not true,definitely not true,definitely not true,definitely not true,probably not true,probably not true,definitely not true,probably not true,55,english ,yes,52,0,6,6,3,15,51,100,62,101,43,94,63,100,NA,57,34,33,3,3,49,98,1,34,1,80,79,5,6,127,452,0,46,1,3,34,42,38,3,3,52,121,0,29,0,58,58,5,6,102,300,0,56,1,13,14,0,0,0,0,0,0,0,0,0,148,147,5,5,146,728,0,38,1,0,57,0,2,2,1,0,1,0,0,0,0,0,0,1,0,3,0,1,0,0,2,1,0,0,0,81,0,2,0,79,0,1,0,2,0,0,0,0,0,0,0,0,0,1,0,1,0,0,1,1,1,0,0,0,43,7,4,0,32,0,1,1,1,0,1,0,0,0,0,0,0,0,0,1,0,0,1,0,2,0,8,0,0,59,0,1,0,58,0,0,0,0,0,0,0,0,0,0,0,0,0,0,0,0,0,0,2,0,0,10,0,0,45,1,6,0,38,1,1,2,3,0,0,0,3,0,0,0,0,0,0,0,0,0,0,1,1,1,39,0,0,150,0,3,0,147,0,0,0,0,0,0,0,1,0,0,0,0,0,0,0,0,0,0,0,1,1,3,0,0,32,8,5,0,19,10,4,6,6,4,5,4,0,1,5,2,3,0,5,3,2,0,0,5,2,3,2,3,3,1,0,1,0,0,0,0,0,0,0,0,0,10,2,8,3,7,7,0,0,3,1,0,1,0,1,0,0,0,1,284,4,1,5,5,0,1,0,4,0,0,0,0,2,0,3,0,89,1,0,2,0,1,0,1,0,0,0,0,0,0,0,1,0,25,8,17,11,14,15,5,0,5,6,2,4,0,6,3,2,0,1,0.126582278,0.075949367,0.050632911,0.075949367,0.050632911,0.063291139,0.012658228,0,0.050632911,0.15625,0.09375,0.0625,0,0.15625,0.09375,0,0,0.0625,0.086206897,0.051724138,0.034482759,0.034482759,0.051724138,0.051724138,0.017241379,0,0.017241379,0,0,0,0,0,0,0,0,0,0.068027211,0.054421769,0.013605442,0.020408163,0.047619048,0.047619048,0.020408163,0,0,0.052631579,0.052631579,0,0,0.052631579,0,0.052631579,0,0,0.088028169,0.059859155,0.028169014,0.038732394,0.049295775,0.052816901,0.017605634,0,0.017605634,0.06741573,0.04494382,0.02247191,0,0.06741573,0.033707865,0.011235955,0,0.02247191,5.514,4.94,52.91,41.69,2.046604901,2.282669783,1.94389605,1.339438944,1.583758898,1.779952957
67,80,6/28/19,7/19/19,5/17/16,37,App + Info,4,100,100,100,100,100,100,agree,strongly disagree,strongly agree,disagree,agree,agree,disagree,agree,3,in preschool,in preschool,as a baby,as a baby,probably true,probably true,probably not true,probably true,definitely true,probably true,definitely not true,probably not true,probably true,probably true,probably true,probably true,probably not true,probably not true,probably true,probably not true,probably true,probably not true,43,1986,female,white,bachelor's,16,english," More than 250,000",275000,"75,000 to 99,999",biological mother,5/17/16,male,white,yes,yes,yes,My child uses the device on their own,60,very often,very often,often,very often,more than 60,2 months,100,100,100,100,100,100,agree,mostly agree,mostly disagree,disagree,mostly agree,mostly disagree,mostly agree,mostly agree,3,in preschool,in preschool,as a toddler,as a baby,probably true,definitely true,probably not true,definitely true,definitely true,definitely true,probably not true,probably not true,probably true,probably true,probably not true,probably true,probably not true,probably not true,probably true,probably true,probably true,probably not true,44,english,yes,22,3,6,3,2,11,51,100,20,83,32,88,37,91,1,81,44,39,2,2,44,93,0,28,0,43,42,4,4,61,162,0,28,1,4,16,43,31,3,4,52,143,0,19,1,28,27,4,4,52,109,0,35,1,3,11,54,51,3,3,77,152,1,51,1,75,75,6,7,119,462,0,32,1,1,55,0,0,1,0,0,0,1,0,0,0,0,0,0,0,0,0,0,0,0,0,1,0,0,0,44,1,2,0,41,0,1,0,0,0,0,0,0,0,0,0,0,0,0,0,0,0,0,0,0,0,0,0,0,46,1,6,0,39,0,0,0,0,1,1,0,0,0,0,0,1,0,0,0,0,0,0,0,0,0,0,0,0,28,0,1,0,27,0,0,0,0,0,1,0,0,0,0,0,1,0,0,0,0,0,0,0,2,0,0,0,0,46,0,16,0,30,1,0,5,0,1,1,0,0,0,0,0,0,0,0,0,0,8,1,3,0,1,1,0,0,76,0,0,0,76,0,1,0,2,0,0,0,0,0,0,0,0,0,0,0,0,0,5,0,2,1,0,0,0,38,0,6,0,32,2,0,2,2,0,1,0,0,1,1,1,0,0,1,1,0,0,0,3,2,1,1,2,0,0,1,2,2,1,1,0,2,0,0,1,1,8,3,5,7,1,6,0,0,2,3,1,2,0,3,3,0,0,0,144,0,1,0,6,0,0,0,0,0,0,1,0,2,2,0,1,101,2,0,2,0,0,0,0,0,0,0,1,0,1,0,0,0,13,5,8,10,3,7,0,1,5,6,3,3,0,6,4,0,1,1,0.048780488,0.048780488,0,0.048780488,0,0.024390244,0.024390244,0,0,0.025641026,0,0.025641026,0,0.025641026,0.025641026,0,0,0,0.111111111,0.037037037,0.074074074,0.037037037,0.074074074,0,0.074074074,0.037037037,0,0.066666667,0.033333333,0.033333333,0,0.066666667,0,0.033333333,0.033333333,0,0.105263158,0.065789474,0.039473684,0.092105263,0.013157895,0.078947368,0.026315789,0,0,0.09375,0.0625,0.03125,0,0.09375,0.09375,0,0,0,0.090277778,0.055555556,0.034722222,0.069444444,0.020833333,0.048611111,0.034722222,0.006944444,0,0.059405941,0.02970297,0.02970297,0,0.059405941,0.03960396,0.00990099,0.00990099,0,5.465,4.944,39.54,26.25,1.93738737,2.30535902,1.880312867,1.497885427,2.072472872,1.126011263
68,81,6/28/19,7/19/19,7/25/15,47,App + Info,2,95,99,99,100,100,99,mostly agree,mostly agree,mostly agree,mostly agree,mostly disagree,mostly disagree,disagree,disagree,4,as a toddler,as a toddler,in preschool,as an infant,probably not true,definitely true,definitely true,probably true,definitely true,probably true,probably not true,probably not true,probably true,definitely not true,probably not true,definitely not true,probably not true,definitely not true,probably true,probably true,probably not true,probably not true,49,1981,male,white,some college,14,english,"75,001 to 100,000",87500,"0 to 49,999",biological father,7/25/15,female,white,yes,yes,yes,Both,40,very often,often,very often,very often,more than 60,0 (always),100,100,100,100,100,100,mostly disagree,mostly disagree,mostly agree,mostly disagree,mostly agree,mostly disagree,mostly agree,mostly disagree,3,as a baby,as a baby,as an infant,as an infant,probably not true,definitely true,probably true,definitely true,definitely true,definitely true,probably not true,probably not true,probably not true,definitely not true,probably not true,definitely not true,probably not true,definitely not true,probably true,probably true,probably not true,probably not true,58,"english, yiddish, some rudiments of romance languages",yes,64,6,13,11,12,36,95,119,94,120,91,120,97,125,6,54,72,70,3,4,83,269,0,30,1,77,76,4,5,116,370,0,45,1,11,18,39,36,4,5,69,162,0,43,1,49,49,4,5,76,222,0,42,1,8,22,37,26,2,2,42,63,1,42,0,95,95,4,4,126,364,0,44,1,5,52,1,4,2,3,0,0,1,2,0,1,1,2,0,0,0,0,0,0,0,3,4,3,0,0,78,1,1,0,76,0,1,3,3,0,1,0,1,0,0,2,2,0,0,1,0,0,0,0,1,4,0,0,0,72,0,3,0,69,0,0,1,1,0,2,1,2,0,0,0,0,0,0,0,0,0,0,1,0,2,1,0,0,49,0,0,0,49,0,1,0,1,1,1,0,2,0,0,0,0,0,0,0,0,0,0,0,3,1,4,0,0,39,0,3,0,36,1,1,2,0,0,0,0,0,0,0,0,0,0,0,1,0,1,0,2,0,1,3,0,0,96,1,0,0,95,0,0,0,3,1,0,0,0,0,0,0,0,0,0,0,0,0,1,0,2,1,0,0,0,59,5,4,0,50,17,6,11,5,12,10,0,4,3,14,2,12,6,8,7,1,4,2,7,2,5,2,5,2,0,0,5,6,3,3,1,5,2,0,0,4,5,2,3,4,1,4,1,0,0,4,1,3,1,3,3,0,0,1,220,5,2,4,5,0,0,0,1,1,0,2,1,2,0,4,2,155,2,0,7,3,0,0,0,1,0,0,2,2,2,2,3,0,29,10,19,11,18,16,1,4,8,24,6,18,8,16,12,1,4,7,0.223684211,0.144736842,0.078947368,0.065789474,0.157894737,0.131578947,0.039473684,0.052631579,0,0.202898551,0.173913043,0.028985507,0.086956522,0.115942029,0.101449275,0.028985507,0.057971014,0.014492754,0.142857143,0.102040816,0.040816327,0.040816327,0.102040816,0.040816327,0.102040816,0,0,0.166666667,0.083333333,0.083333333,0.027777778,0.138888889,0.055555556,0.111111111,0,0,0.052631579,0.031578947,0.021052632,0.042105263,0.010526316,0.042105263,0,0,0.010526316,0.08,0.06,0.02,0.02,0.06,0.06,0.02,0,0,0.131818182,0.086363636,0.045454545,0.05,0.081818182,0.072727273,0.036363636,0.018181818,0.004545455,0.15483871,0.116129032,0.038709677,0.051612903,0.103225806,0.077419355,0.04516129,0.025806452,0.006451613,4.673,4.041,54.31,43.85,2.802382386,2.651960734,2.265543821,1.712978591,1.791759469,2.217225244
69,82,6/28/19,7/18/19,11/26/15,43,App + Info,3,60,100,100,100,100,92,strongly agree,strongly disagree,mostly agree,disagree,mostly agree,disagree,mostly agree,mostly agree,3,as a baby,as a toddler,as a baby,as a baby,probably not true,definitely true,probably not true,definitely true,probably true,definitely true,definitely not true,probably not true,definitely not true,definitely not true,definitely not true,definitely not true,definitely not true,definitely not true,probably true,probably not true,definitely not true,probably not true,61,1980,female,white,bachelor's,16,english,"75,001 to 100,000",87500,"75,000 to 99,999",biological mother,6/17/16,male,white,yes,yes,no,My child uses the device on their own,20,often,sometimes,seldom,sometimes,41-60,3 months,50,100,80,100,100,86,disagree,disagree,mostly agree,disagree,mostly agree,disagree,agree,agree,2,as a baby,as a baby,as a baby,as a baby,definitely not true,definitely true,probably not true,definitely true,definitely true,definitely true,definitely not true,definitely not true,definitely not true,definitely not true,definitely not true,definitely not true,definitely not true,definitely not true,definitely not true,definitely not true,definitely not true,definitely not true,69,english,no,0,2,6,6,0,12,51,100,62,101,5,73,39,92,0,39,5,4,2,2,7,9,1,NA,0,58,56,5,6,106,307,0,54,1,0,18,21,17,2,2,19,40,0,NA,0,53,52,5,6,102,279,0,41,1,1,19,48,46,2,2,40,105,0,14,0,113,110,4,5,137,488,0,34,1,3,45,0,1,0,1,1,2,0,1,0,0,3,0,0,0,2,1,1,0,0,1,0,10,1,0,58,0,3,0,55,0,0,0,0,0,0,0,0,0,0,0,0,0,0,0,0,0,0,0,0,0,0,0,0,8,0,4,0,4,0,1,0,1,0,0,0,0,0,0,0,0,0,0,2,1,0,0,3,1,2,7,0,0,53,0,1,0,52,0,0,0,0,0,0,0,0,0,0,0,0,0,0,0,1,0,0,0,3,1,3,0,0,23,1,5,0,17,0,0,1,1,1,0,0,0,0,0,0,0,0,0,1,0,0,0,1,2,2,0,0,0,113,0,3,0,110,0,0,0,0,0,0,0,0,0,0,0,0,0,0,0,0,0,0,0,0,0,0,0,0,47,0,23,0,24,12,4,8,6,6,2,3,3,4,0,0,0,0,0,0,0,0,0,5,1,4,2,3,2,3,0,0,1,0,1,0,1,0,1,0,0,4,1,3,3,1,2,1,0,1,0,0,0,0,0,0,0,0,0,217,2,0,3,1,0,0,2,5,0,0,0,3,2,2,1,0,45,0,0,0,0,0,0,1,0,0,0,0,0,0,0,0,0,21,6,15,11,10,6,7,3,5,1,0,1,0,1,0,1,0,0,0.218181818,0.145454545,0.072727273,0.109090909,0.109090909,0.036363636,0.072727273,0.054545455,0.054545455,0,0,0,0,0,0,0,0,0,0.096153846,0.076923077,0.019230769,0.038461538,0.057692308,0.038461538,0,0,0.057692308,0.058823529,0.058823529,0,0,0.058823529,0,0,0,0.058823529,0.036363636,0.027272727,0.009090909,0.027272727,0.009090909,0.018181818,0.009090909,0,0.009090909,0,0,0,0,0,0,0,0,0,0.096774194,0.069124424,0.02764977,0.050691244,0.046082949,0.02764977,0.023041475,0.013824885,0.032258065,0.022222222,0.022222222,0,0,0.022222222,0,0,0,0.022222222,5.261,4.67,50.28,29.76,1.170071253,2.368131171,2.068436507,1.325741741,1.803214348,1.724246739
70,84,6/26/19,7/17/19,9/1/15,45,App Only,2,100,100,100,100,100,100,strongly disagree,strongly disagree,strongly agree,strongly disagree,strongly agree,strongly disagree,strongly agree,strongly agree,1,in preschool,in preschool,as a baby,as a baby,definitely not true,definitely true,probably not true,definitely true,definitely true,definitely true,probably true,probably not true,probably not true,probably not true,probably true,probably not true,definitely not true,definitely not true,probably not true,definitely not true,probably not true,probably not true,54,1995,female,white,some college,14,english,"20,0001 to 30,000",25000,"0 to 49,999",biological mother,9/1/15,male,white,yes,yes,no,My child uses the device on their own,15,very often,often,sometimes,sometimes,41-60,1 week old,100,100,100,100,100,100,strongly disagree,strongly disagree,strongly agree,strongly disagree,strongly agree,strongly disagree,strongly agree,strongly agree,1,in preschool,in preschool,as a baby,as a baby,definitely not true,definitely true,probably true,definitely true,definitely true,definitely true,probably true,probably not true,probably not true,probably not true,probably not true,probably not true,probably not true,definitely not true,probably not true,probably not true,probably not true,probably not true,52,,,69,9,11,9,8,28,86,113,84,113,77,111,88,114,NA,17,29,28,3,3,37,82,0,17,0,55,55,5,5,88,265,0,42,1,2,9,29,28,3,3,30,86,0,11,0,61,61,6,6,103,360,0,38,1,4,11,35,33,2,3,45,78,1,29,0,95,95,6,7,133,584,0,32,1,6,52,0,0,0,1,0,2,0,0,0,0,0,0,0,0,0,0,0,0,0,0,0,0,0,0,56,1,0,0,55,0,1,0,0,0,2,0,0,0,0,0,0,0,0,0,0,0,0,0,0,0,0,0,0,31,1,2,0,28,1,1,0,1,0,0,0,0,0,0,0,0,0,0,0,0,0,0,0,1,0,0,0,0,61,0,0,0,61,0,1,0,0,0,0,0,0,0,0,0,0,0,0,0,0,0,0,0,0,0,0,0,0,29,0,2,0,27,1,1,8,2,1,0,0,1,0,0,0,0,0,0,0,1,7,0,5,2,8,3,0,0,96,0,0,0,96,0,0,1,3,0,1,0,0,0,0,0,0,0,0,0,0,0,6,0,2,2,2,0,0,58,11,2,0,45,3,2,1,0,3,1,0,0,2,3,3,0,0,3,1,0,0,2,3,2,1,1,2,3,0,0,0,1,1,0,0,1,1,0,0,0,15,3,12,10,5,12,1,0,2,5,1,4,1,4,4,0,0,1,212,2,2,4,8,0,0,1,0,0,0,0,0,2,1,1,0,100,2,0,3,1,0,0,0,0,0,0,0,0,3,0,0,0,21,7,14,11,10,16,1,0,4,9,5,4,1,8,6,0,0,3,0.054545455,0.018181818,0.036363636,0,0.054545455,0.018181818,0.036363636,0,0,0.107142857,0,0.107142857,0,0.107142857,0.035714286,0.071428571,0,0,0.049180328,0.016393443,0.032786885,0.016393443,0.032786885,0.049180328,0,0,0,0.037037037,0,0.037037037,0,0.037037037,0.037037037,0,0,0,0.15625,0.125,0.03125,0.104166667,0.052083333,0.125,0.020833333,0,0.010416667,0.111111111,0.088888889,0.022222222,0.022222222,0.088888889,0.088888889,0.022222222,0,0,0.099056604,0.066037736,0.033018868,0.051886792,0.047169811,0.075471698,0.018867925,0,0.004716981,0.09,0.04,0.05,0.01,0.08,0.06,0.03,0,0,6.146,5.552,44.76,23.6,2.302585093,2.389281955,2.028644648,1.459053715,1.822721695,1.743440892
71,85,6/26/19,7/17/19,8/16/16,34,App + Info,4,60,100,90,90,100,88,strongly disagree,strongly disagree,agree,strongly disagree,agree,strongly disagree,strongly agree,agree,1,as a baby,as a toddler,as a baby,as a baby,definitely not true,definitely true,definitely true,definitely true,definitely true,definitely true,probably not true,definitely not true,definitely not true,probably not true,probably not true,definitely not true,probably not true,definitely not true,probably not true,probably true,definitely not true,definitely not true,59,1988,female,white,bachelor's,16,english,"75,001 to 100,000",87500,"75,000 to 99,999",biological mother,8/16/16,female,white,yes,yes,no,Both,20,often,sometimes,never,seldom,more than 60,newborn,70,100,80,60,100,82,disagree,disagree,agree,disagree,agree,disagree,agree,agree,2,as a baby,as a toddler,as an infant,as an infant,definitely not true,definitely true,probably true,definitely true,definitely true,definitely true,probably not true,definitely not true,probably true,probably not true,probably not true,definitely not true,probably not true,definitely not true,probably not true,probably true,probably not true,probably not true,58,"english, greek",no,0,5,9,6,11,26,75,107,62,101,89,117,82,109,2,12,48,46,2,2,53,110,0,32,0,80,80,5,5,122,378,0,53,1,3,36,28,26,2,2,36,53,1,39,0,68,68,5,5,122,346,0,53,1,0,34,NA,NA,NA,NA,NA,NA,NA,NA,NA,95,94,5,5,135,438,0,38,1,1,41,0,3,2,10,0,0,0,0,2,0,0,0,0,0,2,0,0,0,3,1,0,1,0,0,80,0,0,0,80,0,0,0,2,0,0,0,0,0,0,0,0,0,0,0,0,0,0,0,2,0,0,0,0,51,0,5,0,46,1,1,2,0,2,0,2,1,0,0,1,0,0,0,2,1,0,0,2,3,4,0,1,0,69,0,1,0,68,0,1,0,1,0,1,0,2,0,0,0,0,0,0,0,1,0,0,0,5,3,0,0,0,32,1,5,0,26,0,7,3,1,0,1,0,0,0,0,0,0,0,0,3,0,0,0,1,0,0,0,0,0,95,0,2,0,93,0,0,0,1,0,1,0,0,0,0,0,0,0,2,0,1,0,0,0,1,0,0,0,0,38,0,6,0,32,19,5,14,6,13,15,2,2,0,2,0,2,0,2,2,0,0,0,13,4,9,10,3,4,3,1,5,6,2,4,0,6,2,1,0,3,15,8,7,6,9,11,3,0,1,5,3,2,0,5,1,3,0,1,241,11,1,11,7,0,0,1,7,0,2,0,1,1,2,1,2,104,1,0,4,0,2,0,2,0,0,0,0,0,2,0,2,0,47,17,30,22,25,30,8,3,6,13,5,8,0,13,5,4,0,4,0.2375,0.175,0.0625,0.075,0.1625,0.1875,0,0.025,0.025,0.043478261,0.043478261,0,0,0.043478261,0.043478261,0,0,0,0.191176471,0.132352941,0.058823529,0.147058824,0.044117647,0.058823529,0.073529412,0.014705882,0.044117647,0.230769231,0.153846154,0.076923077,0,0.230769231,0.076923077,0.115384615,0,0.038461538,0.161290323,0.075268817,0.086021505,0.064516129,0.096774194,0.11827957,0.010752688,0,0.032258065,0.15625,0.0625,0.09375,0,0.15625,0.03125,0.03125,0,0.09375,0.195020747,0.124481328,0.070539419,0.091286307,0.10373444,0.124481328,0.024896266,0.012448133,0.033195021,0.125,0.076923077,0.048076923,0,0.125,0.048076923,0.038461538,0,0.038461538,5.132,4.64,52.56,39.45,2.602689685,3.020526085,2.59884027,2.08616165,2.315366137,2.431281163